word,conversion,chain length
ADPRESS,ADDRESS,1
PETTISH,LETTISH,1
PETTISH,TETTISH,1
PETTISH,WETTISH,1
CORDITE,CONDITE,1
CORDITE,CORDATE,1
SPARGER,SPARKER,1
DARLING,WARLING,1
BRUTISM,BRUTISH,1
RIDDLER,DIDDLER,1
RIDDLER,FIDDLER,1
RIDDLER,MIDDLER,1
RIDDLER,PIDDLER,1
HAYRACK,HATRACK,1
HAYRACK,HAYRICK,1
ANAEMIA,ANAEMIC,1
TORMENT,TORPENT,1
TORMENT,TORRENT,1
BEDDING,WEDDING,1
BEDDING,YEDDING,1
BEDDING,BUDDING,1
BEDDING,BEADING,1
BEDDING,BENDING,1
THEBAIC,THEBAID,1
SIMITAR,SIMILAR,1
GLISTER,BLISTER,1
GLISTER,GLYSTER,1
GLISTER,GLITTER,1
GLISTER,GLISTEN,1
CAPELIN,CAPULIN,1
CAPELIN,CAPELAN,1
PENSION,TENSION,1
PANNIER,TANNIER,1
DENTINE,PENTINE,1
DENTINE,SENTINE,1
DENTINE,DESTINE,1
DENTINE,DENTILE,1
WATCHET,LATCHET,1
WATCHET,WATCHER,1
WATCHET,WATCHES,1
WATCHES,WATCHER,1
WATCHER,CATCHER,1
WATCHER,MATCHER,1
WATCHER,PATCHER,1
MOTTLED,METTLED,1
MOTTLED,MOTTOED,1
SICCATE,SACCATE,1
RAUCITY,PAUCITY,1
GRANTEE,GRANDEE,1
GRANTEE,GRANTER,1
STORIFY,SCORIFY,1
GRANTER,TRANTER,1
GRANTER,GRUNTER,1
GRANTER,GRAFTER,1
GRANTER,GRANTOR,1
LAMPERS,LAMPERN,1
OVERFLY,OVERPLY,1
OVERFLY,OVERTLY,1
SHAMMER,STAMMER,1
SHAMMER,SHIMMER,1
CABBLER,BABBLER,1
CABBLER,GABBLER,1
CABBLER,RABBLER,1
RENERVE,RESERVE,1
DISCOUS,VISCOUS,1
PAGINAL,VAGINAL,1
SALSOLA,SALSODA,1
INTWINE,ENTWINE,1
INTWINE,UNTWINE,1
TANKARD,TANYARD,1
TOPMOST,TOPMAST,1
DUPABLE,DURABLE,1
FLUSTER,BLUSTER,1
FLUSTER,CLUSTER,1
FLUSTER,FLUSHER,1
MATCHER,CATCHER,1
MATCHER,PATCHER,1
MATCHER,MARCHER,1
CONNIVE,CONVIVE,1
CHOPPER,SHOPPER,1
CHOPPER,CROPPER,1
CHOPPER,CHIPPER,1
DANAITE,DANAIDE,1
UNNERVE,INNERVE,1
BRINGER,CRINGER,1
STUBBLE,STUBBLY,1
STILLER,SPILLER,1
STILLER,SWILLER,1
STILLER,STALLER,1
STILLER,STELLER,1
STILLER,STIFLER,1
DESCENT,DESCEND,1
MENIVER,MINIVER,1
SMITHER,SLITHER,1
DESCEND,DESPEND,1
RECLOSE,RECLUSE,1
EGOMISM,EGOTISM,1
OUTPORT,OUTPART,1
YIELDER,FIELDER,1
YIELDER,WIELDER,1
EXTRUCT,EXTRACT,1
CIRRHUS,CIRROUS,1
BLESSED,BLESSER,1
CONDONE,CONDOLE,1
REGRANT,REGRAFT,1
OUTWING,OUTRING,1
OUTWING,OUTSING,1
OUTWING,OUTWIND,1
SPILLER,SWILLER,1
SPILLER,SPULLER,1
SPILLER,SPILTER,1
CRUPPER,CROPPER,1
BEDWARD,BEDWARF,1
APLASIA,APLYSIA,1
DECOYER,DECAYER,1
TRINKLE,CRINKLE,1
TRINKLE,WRINKLE,1
TRINKLE,TRICKLE,1
TRINKLE,TRINDLE,1
TRINKLE,TRINGLE,1
INGORGE,ENGORGE,1
CHANTER,CHARTER,1
CHANTER,CHATTER,1
CHANTER,CHANTOR,1
CHANTER,CHANTEY,1
CAMPING,LAMPING,1
CAMPING,CARPING,1
WHIRLER,WHORLER,1
TASTILY,NASTILY,1
AVOCATE,EVOCATE,1
AVOCATE,AVOLATE,1
SEA-EAR,SEA-BAR,1
DETRACT,RETRACT,1
DETRACT,DETRECT,1
CONTEND,CONTENT,1
WIELDER,FIELDER,1
PERPEND,PERBEND,1
BRUTISH,BRITISH,1
INHERSE,INVERSE,1
SPINOSE,SPICOSE,1
RESIEGE,BESIEGE,1
TRINDLE,BRINDLE,1
TRINDLE,GRINDLE,1
TRINDLE,TRENDLE,1
TRINDLE,TRINGLE,1
SWARDED,SHARDED,1
SWARDED,SWORDED,1
BOWELED,VOWELED,1
VENTRAD,VENTRAL,1
FUEGIAN,FUNGIAN,1
BUSTARD,CUSTARD,1
BUSTARD,GUSTARD,1
BUSTARD,MUSTARD,1
BUSTARD,BASTARD,1
BLATTER,CLATTER,1
BLATTER,FLATTER,1
BLATTER,PLATTER,1
BLATTER,SLATTER,1
BLATTER,BLOTTER,1
BLATTER,BLASTER,1
BLATTER,BLATHER,1
SHELLER,STELLER,1
SHELLER,SHELTER,1
SHELLER,SHELLED,1
ABUTTAL,ABETTAL,1
AMNESIA,AMNESIC,1
THEREIN,THEREON,1
BRETFUL,FRETFUL,1
JOYANCE,NOYANCE,1
JOYANCE,JOYANCY,1
INBURST,INBURNT,1
TERPENE,TERRENE,1
RAMBLER,GAMBLER,1
RAMBLER,RUMBLER,1
RAMBLER,RABBLER,1
RAMBLER,RAMPLER,1
SAVABLE,SALABLE,1
SAVABLE,SANABLE,1
OUTPACE,OUTFACE,1
PLUMBER,CLUMBER,1
PLUMBER,SLUMBER,1
PLUMBER,PLUMPER,1
PERRIER,FERRIER,1
PERRIER,TERRIER,1
PURPURE,PURPURA,1
FIRRING,FURRING,1
AIDLESS,LIDLESS,1
AIDLESS,AIMLESS,1
AIDLESS,AIRLESS,1
AIDLESS,AISLESS,1
BLUSTER,CLUSTER,1
BLUSTER,BLASTER,1
BLUSTER,BLISTER,1
BLUSTER,BLUSHER,1
COGNATE,CONNATE,1
COGNATE,COGNATI,1
MISBODE,MISBEDE,1
SEXTILE,TEXTILE,1
SEXTILE,SECTILE,1
MIDWIVE,MIDWIFE,1
-GEROUS,-FEROUS,1
-GEROUS,-GENOUS,1
WAGGERY,JAGGERY,1
BATABLE,DATABLE,1
BATABLE,EATABLE,1
BATABLE,HATABLE,1
PENFISH,PELFISH,1
REGREDE,REGRADE,1
HEINOUS,VEINOUS,1
MOONISH,MOODISH,1
MOONISH,MOORISH,1
AMOROSA,APOROSA,1
AMOROSA,AMOROSO,1
SMICKET,SMICKER,1
SMICKER,SLICKER,1
SMICKER,SNICKER,1
SMICKER,STICKER,1
VACCINE,VACCINA,1
MALTOSE,MALTESE,1
SKILDER,SKELDER,1
INVITER,INCITER,1
INVITER,INDITER,1
TORTION,TORSION,1
DOOMAGE,ROOMAGE,1
SHEERLY,CHEERLY,1
SHEERLY,SHEENLY,1
LOADING,LEADING,1
HAMMOCK,CAMMOCK,1
HAMMOCK,MAMMOCK,1
HAMMOCK,HOMMOCK,1
ARENOSE,ADENOSE,1
SPICOUS,SPITOUS,1
BULLOCK,MULLOCK,1
FOINERY,JOINERY,1
BRAWNER,BRAWLER,1
BRAWNER,BRAWNED,1
MIXEDLY,FIXEDLY,1
LOOSISH,GOOSISH,1
COWHAGE,COUHAGE,1
ELLIPSE,ECLIPSE,1
SHUDDER,SHEDDER,1
LAMPRON,LAMPOON,1
BESTICK,BEDTICK,1
BESTICK,BESTUCK,1
BONDMAN,BORDMAN,1
PROTEND,PROPEND,1
PROTEND,PROVEND,1
PROTEND,PROTEID,1
WREAKER,BREAKER,1
WREAKER,WREAKEN,1
BILTONG,BULTONG,1
OVERLAY,OVERPAY,1
OVERLAY,OVERSAY,1
OVERLAY,OVERLAP,1
HAULAGE,HALLAGE,1
QUASSIN,QUASSIA,1
SIMILAR,SIMULAR,1
SIMILAR,SIMILOR,1
STRATUS,STRATUM,1
NIBBLER,DIBBLER,1
NIBBLER,NOBBLER,1
TRIACLE,TREACLE,1
TRIACLE,TRIABLE,1
MUDWORT,MADWORT,1
MUDWORT,MUGWORT,1
WICKING,NICKING,1
WICKING,PICKING,1
WICKING,TICKING,1
MANLING,EANLING,1
MANLING,TANLING,1
MANLING,MAILING,1
MANLING,MAULING,1
UNBOWEL,UNBOWED,1
CURSIVE,PURSIVE,1
NEONISM,PEONISM,1
ACOLOGY,APOLOGY,1
VERNANT,VERSANT,1
STEMSON,STEPSON,1
SPOUSAL,SPONSAL,1
CHARNEL,CHANNEL,1
CHARNEL,CHARMEL,1
PORTATE,PORCATE,1
PORTATE,PORTACE,1
PORTATE,PORTAGE,1
IMMERGE,IMMERSE,1
PROLATE,PRELATE,1
PROLATE,PROBATE,1
PROLATE,PRONATE,1
PROLATE,PRORATE,1
PALMITE,PALMATE,1
APERTLY,ALERTLY,1
CATERER,WATERER,1
CATERER,CAPERER,1
BOGGLER,GOGGLER,1
UNSAINT,UNPAINT,1
BELIGHT,DELIGHT,1
BELIGHT,RELIGHT,1
BELIGHT,BEDIGHT,1
BELIGHT,BEHIGHT,1
LAGGING,BAGGING,1
LAGGING,FAGGING,1
LAGGING,NAGGING,1
LAGGING,SAGGING,1
LAGGING,LEGGING,1
LAGGING,LOGGING,1
GARNISH,TARNISH,1
GOZZARD,GIZZARD,1
ESTRICH,OSTRICH,1
STACKET,SNACKET,1
PLUNGER,BLUNGER,1
PLUNGER,PLUGGER,1
SPATHAL,SPATIAL,1
REVERER,REVELER,1
DULCIFY,DUNCIFY,1
TANNING,VANNING,1
TANNING,TANLING,1
CORONET,CORONEL,1
CORONET,CORONER,1
COUCHEE,VOUCHEE,1
COUCHEE,COACHEE,1
COUCHEE,COUCHED,1
COUCHEE,COUCHER,1
MISRULE,MISRULY,1
MISRULY,DISRULY,1
LABROSE,LABIOSE,1
QUESTER,QUESTOR,1
MENTION,MENAION,1
MERSION,VERSION,1
CILIARY,BILIARY,1
CILIARY,MILIARY,1
PARADOX,PARADOS,1
RHEMISH,RHENISH,1
SCALPER,SCAMPER,1
SCALPER,SCAUPER,1
SCALPER,SCALDER,1
SCALPER,SCALPEL,1
EXTANCE,EXTANCY,1
FORLORE,FORBORE,1
UNITION,INITION,1
WETTISH,LETTISH,1
WETTISH,TETTISH,1
APTABLE,OPTABLE,1
APTABLE,ACTABLE,1
STOCKER,STICKER,1
SKALDIC,SCALDIC,1
KERASIN,CERASIN,1
KERASIN,KERATIN,1
RIDOTTO,RISOTTO,1
HAUNTER,DAUNTER,1
HAUNTER,SAUNTER,1
HAUNTER,TAUNTER,1
HAUNTER,VAUNTER,1
HAUNTER,HAUNTED,1
ENCLOUD,INCLOUD,1
ENCLOUD,UNCLOUD,1
BISTORT,DISTORT,1
GAMBIST,CAMBIST,1
FRISLET,FRISKET,1
COLDISH,COLLISH,1
COLDISH,COLTISH,1
DERRING,HERRING,1
DISCARD,DISCORD,1
KNARLED,GNARLED,1
KNARLED,KNARRED,1
LIGATOR,LEGATOR,1
WIGGLER,GIGGLER,1
WIGGLER,HIGGLER,1
WIGGLER,NIGGLER,1
OXALITE,OXALATE,1
OXALITE,OXALINE,1
PINHOLD,PINFOLD,1
BINOCLE,PINOCLE,1
BLOATED,BLOATER,1
DETINUE,RETINUE,1
PELORIA,PELORIC,1
CONDEMN,CONTEMN,1
PUTRIFY,PUTREFY,1
MARINED,MARINER,1
REGRAFT,REDRAFT,1
TUBULAR,TABULAR,1
TUBULAR,TUMULAR,1
PELORIC,PYLORIC,1
SUBJECT,SUBNECT,1
CONDITE,CANDITE,1
CONDITE,CONCITE,1
DECENCE,DEFENCE,1
RABIOUS,RUBIOUS,1
RABIOUS,RAGIOUS,1
PRIVITY,PRAVITY,1
PRIVITY,PRIMITY,1
PRIVITY,PRIVILY,1
DIDONIA,VIDONIA,1
SEWSTER,SEMSTER,1
AGGRACE,AGGRADE,1
AGGRACE,AGGRATE,1
CODILLA,CEDILLA,1
CODILLA,CODILLE,1
DATABLE,EATABLE,1
DATABLE,HATABLE,1
ANDROUS,ANUROUS,1
PLEXURE,FLEXURE,1
TATTLER,RATTLER,1
GRAFTER,CRAFTER,1
GRAFTER,GRAFFER,1
SWAGGER,TWAGGER,1
SWAGGER,STAGGER,1
PALAVER,PAPAVER,1
DROWNER,CROWNER,1
DEFENSE,DEFENCE,1
COPPERY,COOPERY,1
TRIABLE,FRIABLE,1
TRIABLE,TRIBBLE,1
DEFIANT,DEVIANT,1
PINCHEM,PINCHER,1
SOPPING,HOPPING,1
SOPPING,LOPPING,1
SOPPING,POPPING,1
SOPPING,TOPPING,1
KHAMSIN,CHAMSIN,1
GRATING,GRADING,1
GRATING,GRAVING,1
STIPPLE,STOPPLE,1
STIPPLE,STIPULE,1
BROADEN,BREADEN,1
INFLECT,INFLICT,1
KYANIZE,KYANITE,1
ESTREAT,ENTREAT,1
ESTREAT,EXTREAT,1
RETINIC,RESINIC,1
ENFORCE,EFFORCE,1
PANDOOR,PANDOUR,1
NETTING,NUTTING,1
VIDONIA,VIGONIA,1
BILCOCK,BIBCOCK,1
CHILEAN,CHILIAN,1
HOLIDAM,HOLIDAY,1
LITHATE,LITUATE,1
GODLING,CODLING,1
GODLING,GADLING,1
KILTING,KILLING,1
SHITTLE,WHITTLE,1
SHITTLE,SKITTLE,1
SHITTLE,SMITTLE,1
SHITTLE,SPITTLE,1
SHITTLE,SHUTTLE,1
APSIDES,APHIDES,1
TWISTED,TWISTER,1
ROMANCE,ROMANCY,1
LOZENGY,LOZENGE,1
APTERAL,APTERAN,1
CRANIUM,URANIUM,1
ELOHIST,ELOGIST,1
REGRESS,NEGRESS,1
REGRESS,REDRESS,1
REGRESS,REPRESS,1
TANLING,EANLING,1
TANLING,TABLING,1
TANLING,TAILING,1
UNDIGHT,UNRIGHT,1
UNDIGHT,UNSIGHT,1
MORPION,MORPHON,1
ENSTATE,INSTATE,1
ENSTATE,UNSTATE,1
DEBOUCH,DEBAUCH,1
PERSISM,PERSIST,1
NEEDILY,NEEDSLY,1
PROWLER,GROWLER,1
PROWLER,PROLLER,1
LATENCY,LATENCE,1
BRIMMER,TRIMMER,1
QUINTIC,QUANTIC,1
QUINTIC,QUINTIN,1
QUINTIN,QUINTAN,1
CROCKET,BROCKET,1
CROCKET,CRICKET,1
CROCKET,CROCHET,1
CROCKET,CROCKER,1
DALLIER,HALLIER,1
DALLIER,RALLIER,1
DALLIER,TALLIER,1
MOCKAGE,DOCKAGE,1
WHORLED,WHORLER,1
CRACKLE,CRANKLE,1
LISTFUL,MISTFUL,1
GALLIOT,GALLEOT,1
HEAVILY,HEADILY,1
FUTTOCK,BUTTOCK,1
FUTTOCK,PUTTOCK,1
LUBBARD,LIBBARD,1
VENALLY,PENALLY,1
DISYOKE,MISYOKE,1
SPADDLE,SKADDLE,1
SPADDLE,SWADDLE,1
HEARSAY,HEARSAL,1
STATELY,STAGELY,1
SNAGGED,KNAGGED,1
SNAGGED,SHAGGED,1
DUNCISH,DUNFISH,1
DUNCISH,DUNNISH,1
OUTROOM,OUTROOT,1
OUTROOT,OUTFOOT,1
SKIMMER,SHIMMER,1
SKIMMER,SWIMMER,1
MOUTHER,SOUTHER,1
MOUTHER,MAUTHER,1
MOUTHER,MOITHER,1
LANGATE,LANIATE,1
DOORING,MOORING,1
SCRANNY,SCRAWNY,1
SCRANNY,SCRANKY,1
UPSTART,UPSTARE,1
PENDICE,PENTICE,1
CITRATE,NITRATE,1
CITRATE,TITRATE,1
CITRATE,CIRRATE,1
BESPURT,BESPIRT,1
CORKAGE,CORDAGE,1
CORKAGE,CORNAGE,1
CORKAGE,CORSAGE,1
CAROMEL,CALOMEL,1
CAROMEL,CARAMEL,1
MASSIVE,PASSIVE,1
BALANCE,VALANCE,1
SUCTION,AUCTION,1
SUCTION,DUCTION,1
SUCTION,RUCTION,1
SUCTION,SECTION,1
SPOTTED,SHOTTED,1
SPOTTED,SLOTTED,1
SPOTTED,SPITTED,1
SPOTTED,SPOTTER,1
EQUALLY,SQUALLY,1
EQUALLY,EQUABLY,1
VERNIER,DERNIER,1
CHOWTER,CHOWDER,1
SPOTTER,SNOTTER,1
SPOTTER,SPATTER,1
SPOTTER,SPITTER,1
SPOTTER,SPUTTER,1
SPOTTER,SPORTER,1
SPOTTER,SPOUTER,1
MENTHOL,MENTHYL,1
PRIDIAN,IRIDIAN,1
KYANITE,CYANITE,1
CONDUIT,CONDUCT,1
DESMINE,DESTINE,1
MIXABLE,FIXABLE,1
MIXABLE,MINABLE,1
MIXABLE,MIRABLE,1
UNHOPED,UNHOSED,1
ENCHEST,INCHEST,1
SALIQUE,SILIQUE,1
COGGERY,HOGGERY,1
COGGERY,TOGGERY,1
YTTRIUM,ITTRIUM,1
EGOTIST,EGOTISM,1
ACCURSE,OCCURSE,1
CHIPPER,SHIPPER,1
CHIPPER,WHIPPER,1
CHIPPER,CLIPPER,1
CHIPPER,CHIRPER,1
BATHING,LATHING,1
VOIVODE,VAIVODE,1
WELCOME,WELSOME,1
EXCRETE,EXCRETA,1
MINIMUM,MINIMUS,1
CONNOTE,CONNATE,1
UNCARED,UNEARED,1
CHAMLET,CHAPLET,1
POMPION,TOMPION,1
POMPION,PUMPION,1
AMMONIA,AMMONIC,1
REDNESS,REDRESS,1
CORVINE,CERVINE,1
PLUGGER,SLUGGER,1
ENWHEEL,INWHEEL,1
OUTSIDE,OUTRIDE,1
BOILARY,BOILERY,1
PYTHIAD,PYTHIAN,1
LUSKISH,DUSKISH,1
CONCEPT,CONCEIT,1
CONCEPT,CONCENT,1
CONCEPT,CONCERT,1
STERNER,STERNED,1
TAMPION,CAMPION,1
TAMPION,RAMPION,1
TAMPION,TOMPION,1
TAMPION,TAMPEON,1
TAMPION,TAMPOON,1
THOUGHT,THAUGHT,1
INCLASP,ENCLASP,1
INCLASP,UNCLASP,1
BANDORE,MANDORE,1
BANDORE,PANDORE,1
PURGING,PUGGING,1
PURGING,PURLING,1
GRAVING,BRAVING,1
GRAVING,CRAVING,1
GRAVING,GRADING,1
PEGASUS,PETASUS,1
WHITILE,WHETILE,1
WHITILE,WHITTLE,1
HOLIBUT,HALIBUT,1
INTREAT,ENTREAT,1
INTREAT,INGREAT,1
KREATIN,CREATIN,1
KREATIN,KREATIC,1
KREATIC,CREATIC,1
COMPORT,COMFORT,1
COMPORT,COMPART,1
COMPORT,COMPOST,1
AMARINE,ACARINE,1
INGRAFF,ENGRAFF,1
SLABBER,BLABBER,1
SLABBER,CLABBER,1
SLABBER,STABBER,1
SLABBER,SWABBER,1
SLABBER,SLIBBER,1
SLABBER,SLOBBER,1
SLABBER,SLUBBER,1
SPURTLE,SPIRTLE,1
STYGIAL,STYGIAN,1
SCOMBER,SCUMBER,1
BOARISH,GOARISH,1
BOARISH,BEARISH,1
BOARISH,BOORISH,1
LOUTISH,ROUTISH,1
WAXBILL,WAYBILL,1
MOLASSE,MOLOSSE,1
TORQUES,TORQUED,1
PLANARY,PLENARY,1
REMIPED,SEMIPED,1
REMIPED,RETIPED,1
TURPETH,TURBETH,1
BANDAGE,BONDAGE,1
SPINULE,SPICULE,1
SPINULE,SPINDLE,1
WARMING,FARMING,1
WARMING,WARLING,1
WARMING,WARNING,1
GRAVELY,GRADELY,1
GRAVELY,GRAVERY,1
STOPPER,SHOPPER,1
STOPPER,STEPPER,1
STOPPER,STOOPER,1
STOPPER,STOPPED,1
BESTREW,BESHREW,1
STOPPED,STEPPED,1
PYRURIC,PYRUVIC,1
GRENADE,GRENADO,1
SLATTER,CLATTER,1
SLATTER,FLATTER,1
SLATTER,PLATTER,1
SLATTER,SCATTER,1
SLATTER,SHATTER,1
SLATTER,SMATTER,1
SLATTER,SPATTER,1
SLATTER,SLITTER,1
DOWERED,TOWERED,1
FORAYER,FORAGER,1
LATERAD,LATERED,1
LATERAD,LATERAL,1
LATERAD,LATERAN,1
LATERAL,LITERAL,1
LATERAL,LATERAN,1
COMRADE,CORRADE,1
WAIMENT,WAYMENT,1
WEATHER,FEATHER,1
WEATHER,HEATHER,1
WEATHER,LEATHER,1
BLINDER,BLENDER,1
BLINDER,BLINKER,1
DECRIER,DECREER,1
SONNISH,TONNISH,1
SONNISH,SONGISH,1
ETACISM,ITACISM,1
ETACISM,ETACIST,1
ETACIST,ITACIST,1
COMBINE,COMBING,1
COMBING,COBBING,1
URAEMIA,URAEMIC,1
TOYSOME,JOYSOME,1
JALAPIN,JALAPIC,1
CRIMPER,CRISPER,1
UNSTILL,INSTILL,1
UNSTILL,UNSKILL,1
JOLLITY,JOLLILY,1
SENSIVE,TENSIVE,1
TROOPER,DROOPER,1
TROOPER,GROOPER,1
GUNNING,RUNNING,1
GUNNING,GINNING,1
FLACKET,FLACKER,1
BEARING,GEARING,1
BEARING,WEARING,1
BEARING,BEADING,1
BEARING,BEAMING,1
BEARING,BEATING,1
WAYWORN,WARWORN,1
BOLSTER,HOLSTER,1
BOLSTER,BOASTER,1
BOLSTER,BOOSTER,1
AWNLESS,AWELESS,1
BRONCHI,BRONCHO,1
COUCHER,COACHER,1
COUCHER,COUGHER,1
COUCHER,COUCHED,1
ENATION,ELATION,1
TORTIVE,TORTILE,1
SOUFFLE,SNUFFLE,1
MALARIA,TALARIA,1
BILLION,PILLION,1
SPIRING,SPARING,1
ENTREAT,EXTREAT,1
ENTREAT,ENTHEAT,1
LANYARD,PANYARD,1
LANYARD,TANYARD,1
LANYARD,LANIARD,1
DARTOIC,DARTOID,1
MOBBISH,BOBBISH,1
MOBBISH,LOBBISH,1
GIANTLY,GIANTRY,1
DRABBET,DRABBER,1
CASTREL,COSTREL,1
CASTREL,CUSTREL,1
DROLLER,PROLLER,1
DROLLER,TROLLER,1
DROLLER,DRILLER,1
PENNANT,PENDANT,1
BITLESS,WITLESS,1
MILLING,BILLING,1
MILLING,DILLING,1
MILLING,FILLING,1
MILLING,HILLING,1
MILLING,KILLING,1
HEPTINE,HEPTANE,1
HEPTINE,HEPTENE,1
HEPTINE,HEPTONE,1
ELASTIC,CLASTIC,1
ELASTIC,PLASTIC,1
ELASTIC,ELASTIN,1
ELASTIN,PLASTIN,1
CHASSIS,CLASSIS,1
DULLISH,BULLISH,1
DULLISH,GULLISH,1
RESPITE,DESPITE,1
RESPITE,RESPIRE,1
PILEOUS,PALEOUS,1
PILEOUS,PICEOUS,1
OBLIGER,OBLIGOR,1
OBLIGER,OBLIGEE,1
VENTRAL,CENTRAL,1
HARMOST,FARMOST,1
CONTENT,CONCENT,1
CONTENT,CONSENT,1
CONTENT,CONVENT,1
CONTENT,CONTEST,1
CONTENT,CONTEXT,1
SHOTTED,SLOTTED,1
PROVECT,PROJECT,1
PROVECT,PROTECT,1
PROVECT,PROVENT,1
ARABISM,ARABIST,1
CRULLER,KRULLER,1
TOWLINE,BOWLINE,1
PICKLER,SICKLER,1
PICKLER,PICKEER,1
PICKLER,PICKLED,1
MINIKIN,FINIKIN,1
MINIKIN,MANIKIN,1
SHORING,SNORING,1
COOPERY,COOKERY,1
QUILLET,QUILLED,1
JOURNEY,TOURNEY,1
DEMOTIC,DEMONIC,1
LOBCOCK,LOGCOCK,1
TEGULAR,REGULAR,1
CATALAN,CATAIAN,1
MORNING,HORNING,1
MORNING,MORLING,1
MINEVER,MINIVER,1
JUDDOCK,PUDDOCK,1
JUDDOCK,RUDDOCK,1
VEERING,JEERING,1
RAPILLI,LAPILLI,1
MADDING,GADDING,1
MADDING,JADDING,1
MADDING,PADDING,1
MADDING,MIDDING,1
ACHOLIA,SCHOLIA,1
URGENCE,URGENCY,1
KILLING,BILLING,1
KILLING,DILLING,1
KILLING,FILLING,1
KILLING,HILLING,1
KILLING,KIDLING,1
KILLING,KITLING,1
SENIORY,SENSORY,1
PLAITER,PLASTER,1
PLAITER,PLATTER,1
PLAITER,PLAITED,1
REVISAL,DEVISAL,1
REVISAL,REVIVAL,1
SPERATE,OPERATE,1
SPERATE,SPERAGE,1
RHIZOMA,RHIZOME,1
SMUGGLE,SNUGGLE,1
PANSIED,PALSIED,1
ALKORAN,ALCORAN,1
BROTHER,BROTHEL,1
SPEIGHT,SPRIGHT,1
SEAWAND,SEAWARD,1
BOLTING,BELTING,1
BOLTING,BOOTING,1
BOLTING,BOLLING,1
MISDEED,MISDEEM,1
MONESIA,MONESIN,1
ARATION,ORATION,1
ARATION,ALATION,1
BELLING,TELLING,1
BELLING,BILLING,1
BELLING,BOLLING,1
BELLING,BELTING,1
SWALLOW,SHALLOW,1
CHALLIS,CHABLIS,1
PASQUIN,PASQUIL,1
POOLING,COOLING,1
POOLING,TOOLING,1
POOLING,POOPING,1
PHALLUS,THALLUS,1
PEACHER,POACHER,1
PEACHER,PERCHER,1
ETHYLIC,ETHYLIN,1
BOSSAGE,BOSCAGE,1
BOSSAGE,BOSKAGE,1
MERCURY,MERCERY,1
FEVERET,LEVERET,1
FOUNDER,BOUNDER,1
FOUNDER,ROUNDER,1
FOUNDER,SOUNDER,1
FOUNDER,WOUNDER,1
FOUNDER,FOULDER,1
UNITIZE,UNITIVE,1
GAZEFUL,MAZEFUL,1
GAZEFUL,GAMEFUL,1
OUTGAZE,OUTRAZE,1
OUTGAZE,OUTGATE,1
REVIVER,REVILER,1
REVIVER,REVISER,1
REVIVER,REVIVOR,1
PHASING,CHASING,1
VATICAL,VATICAN,1
METONIC,KETONIC,1
METONIC,MECONIC,1
METONIC,METOPIC,1
RENNING,RUNNING,1
INGROSS,INGRESS,1
DEPLANT,REPLANT,1
STABBER,SWABBER,1
STABBER,STABLER,1
DISGEST,DISGUST,1
LECTERN,LETTERN,1
LECTERN,LECTURN,1
THRIVEN,SHRIVEN,1
THRIVEN,THRIVER,1
PUDDLER,FUDDLER,1
PUDDLER,HUDDLER,1
PUDDLER,MUDDLER,1
PUDDLER,PADDLER,1
PUDDLER,PEDDLER,1
PUDDLER,PIDDLER,1
MOORISH,BOORISH,1
MOORISH,MOODISH,1
THRIVER,SHRIVER,1
PEASANT,PERSANT,1
CONUSOR,CONISOR,1
DOGWOOD,BOGWOOD,1
DOGWOOD,LOGWOOD,1
SLINGER,FLINGER,1
SLINGER,STINGER,1
SLINGER,SWINGER,1
BAFFLER,MAFFLER,1
BAFFLER,RAFFLER,1
SLEEVED,SLEAVED,1
SHELLED,STELLED,1
ADONIZE,AGONIZE,1
PORTMAN,POSTMAN,1
DESERVE,RESERVE,1
THEROID,THYROID,1
FRAYING,BRAYING,1
FRAYING,PRAYING,1
FRAYING,FRAMING,1
BUDDING,PUDDING,1
COVERER,HOVERER,1
COVERER,COHERER,1
COVERER,COVETER,1
COVERER,COVERED,1
DESPOND,RESPOND,1
DESPOND,DISPOND,1
DESPOND,DESPEND,1
ESSAYER,ASSAYER,1
CHARTER,CHATTER,1
INERTLY,INEPTLY,1
CHAFFER,CHAMFER,1
SCAUPER,SCAMPER,1
HUSKILY,DUSKILY,1
INFLAME,INFLATE,1
COMPOTE,COMMOTE,1
COMPOTE,COMPETE,1
COMPOTE,COMPUTE,1
COMPOTE,COMPONE,1
COMPOTE,COMPOSE,1
MISTFUL,MASTFUL,1
LEPROSE,BEPROSE,1
LEPROSE,LEPROSY,1
BOULDER,FOULDER,1
BOULDER,POULDER,1
BOULDER,BOUNDER,1
BOULDER,BOURDER,1
BOULDER,BOULTER,1
HURRIER,CURRIER,1
HURRIER,FURRIER,1
HURRIER,HARRIER,1
HURRIER,HURRIES,1
TUMULUS,CUMULUS,1
CLAMBER,CHAMBER,1
CLAMBER,CLIMBER,1
CLAMBER,CLUMBER,1
CLAMBER,CLABBER,1
CLAMBER,CLAMPER,1
CRINITE,ERINITE,1
SONGISH,LONGISH,1
APOROSE,APOROSA,1
INSTAMP,ENSTAMP,1
INFANTE,INFANTA,1
REPRIVE,REPREVE,1
REPRIVE,REPRISE,1
HORNIFY,HORRIFY,1
DIARCHY,DUARCHY,1
SLICKEN,SLACKEN,1
SLICKEN,SLICKER,1
PIGGISH,NIGGISH,1
PIGGISH,RIGGISH,1
CATLING,FATLING,1
CATLING,CUTLING,1
CATLING,CABLING,1
SEA PYE,SEA PIE,1
LAPLING,SAPLING,1
LAPLING,LAPPING,1
LAPLING,LAPWING,1
FRONTO-,FRONTON,1
BRITISH,BRINISH,1
CERTAIN,CURTAIN,1
AIR GAS,AIR GAP,1
DIBASIC,BIBASIC,1
GINNING,WINNING,1
GINNING,GINGING,1
INFUMED,UNFUMED,1
IMPEACH,EMPEACH,1
SPITTER,SKITTER,1
SPITTER,SLITTER,1
SPITTER,SPATTER,1
SPITTER,SPUTTER,1
SPITTER,SPILTER,1
SPITTER,SPITTED,1
POSTAGE,COSTAGE,1
POSTAGE,HOSTAGE,1
POSTAGE,PONTAGE,1
POSTAGE,PORTAGE,1
POSTAGE,POTTAGE,1
SWASHER,SLASHER,1
SWASHER,SWATHER,1
SALABLE,SANABLE,1
FILLING,BILLING,1
FILLING,DILLING,1
FILLING,HILLING,1
FILLING,FALLING,1
FILLING,FULLING,1
HUMBLES,HUMBLER,1
RATFISH,BATFISH,1
RATFISH,CATFISH,1
RATFISH,RAFFISH,1
TITANIC,TETANIC,1
ASSIZOR,ASSIZER,1
OVERWET,OVERSET,1
OVERWET,OVERWIT,1
HORDEIN,HORDEIC,1
GUDGEON,DUDGEON,1
SARMENT,GARMENT,1
CRAWLER,BRAWLER,1
WOUNDER,BOUNDER,1
WOUNDER,ROUNDER,1
WOUNDER,SOUNDER,1
BREADED,BREADEN,1
MAILING,RAILING,1
MAILING,SAILING,1
MAILING,TAILING,1
MAILING,MAULING,1
VAMPIRE,RAMPIRE,1
RELATOR,DELATOR,1
RELATOR,RELATER,1
SEMINAL,FEMINAL,1
SEMINAL,GEMINAL,1
SEMINAL,SEMINAR,1
OTALGIA,OTALGIC,1
SHARPIE,CHARPIE,1
PEOPLED,PEOPLER,1
SLOTTED,CLOTTED,1
PROCESS,PROWESS,1
COWBANE,SOWBANE,1
UMBROSE,AMBROSE,1
HATCHEL,RATCHEL,1
HATCHEL,SATCHEL,1
HATCHEL,HETCHEL,1
HATCHEL,HITCHEL,1
INCRUST,ENCRUST,1
INCRUST,INTRUST,1
INCRUST,INCREST,1
PAULINE,CAULINE,1
REMEANT,REMNANT,1
INSINEW,UNSINEW,1
GRAPNEL,CRAPNEL,1
EMBRUTE,IMBRUTE,1
NITRIDE,NITRILE,1
NITRIDE,NITRITE,1
LOYALTY,LOYALLY,1
LOPPING,HOPPING,1
LOPPING,POPPING,1
LOPPING,TOPPING,1
LOPPING,LAPPING,1
LOPPING,LOOPING,1
LOPPING,LOUPING,1
LYDDITE,LUDDITE,1
SOUNDER,BOUNDER,1
SOUNDER,ROUNDER,1
ROYALLY,LOYALLY,1
DISSEAT,DISSECT,1
DISSEAT,DISSENT,1
DISSEAT,DISSERT,1
CONIINE,CONEINE,1
CONIINE,CONFINE,1
EXACTOR,ENACTOR,1
EXACTOR,EXACTER,1
MAKABLE,MANABLE,1
FINLESS,SINLESS,1
BACCHUS,JACCHUS,1
LOOKING,LOOMING,1
LOOKING,LOOPING,1
GLUTEUS,PLUTEUS,1
RAMPLER,SAMPLER,1
RAMPLER,RAMPIER,1
SCUTAGE,SOUTAGE,1
SCUTAGE,SCUTATE,1
UNSPELL,UNSHELL,1
UNSPELL,UNSWELL,1
SCAROID,ACAROID,1
SCAROID,SPAROID,1
PROLLER,TROLLER,1
UNSTATE,INSTATE,1
BOOTING,FOOTING,1
BOOTING,BOOMING,1
TAMPOON,LAMPOON,1
TAMPOON,TAPPOON,1
TAMPOON,TAMPEON,1
FERRARY,FERRARA,1
IMPOUND,IMBOUND,1
NOTABLE,POTABLE,1
NOTABLE,NOTABLY,1
INDICAN,INDICAL,1
DRYNESS,WRYNESS,1
DREADER,TREADER,1
BRAGGER,BRAGGET,1
RELATED,BELATED,1
RELATED,RELATER,1
SPRAYER,STRAYER,1
LACTOSE,LACTONE,1
SACKING,BACKING,1
SACKING,PACKING,1
SACKING,RACKING,1
SACKING,TACKING,1
SACKING,SUCKING,1
SACKING,SARKING,1
SACKING,SACRING,1
TWIFOLD,TWOFOLD,1
WHORTLE,CHORTLE,1
WHORTLE,WHIRTLE,1
SILICO-,SILICON,1
TRUCKER,TRACKER,1
TRUCKER,TRICKER,1
MISTERY,MYSTERY,1
MISTERY,MISTERM,1
HOARSEN,COARSEN,1
PEHLEVI,PAHLEVI,1
CLASTIC,PLASTIC,1
ATOMISM,ATOMIST,1
SPARBLE,SPARKLE,1
DISCORD,DISCOID,1
BENEFIT,BENEFIC,1
KEELING,KEEPING,1
HETCHEL,HITCHEL,1
SOROSIS,MOROSIS,1
ENGUARD,UNGUARD,1
ENGUARD,ESGUARD,1
HANGMAN,HANUMAN,1
EVACATE,EVOCATE,1
ARNATTO,ARNOTTO,1
DEIFIER,DEIFIED,1
VALERIC,VALERIN,1
NUTTING,BUTTING,1
NUTTING,JUTTING,1
NUTTING,PUTTING,1
SCUMBER,SLUMBER,1
SCUMBER,SCUMMER,1
WILLOCK,HILLOCK,1
WILLOCK,KILLOCK,1
WILLOCK,SILLOCK,1
ANILINE,ANILIDE,1
LYINGLY,DYINGLY,1
CYANIDE,CYANINE,1
CYANIDE,CYANITE,1
TERRANE,TERRENE,1
TERRANE,TERRACE,1
DIMETER,CIMETER,1
PENTENE,PENTANE,1
PENTENE,PENTINE,1
PENTENE,PENTONE,1
CORRECT,PORRECT,1
MEDDLER,PEDDLER,1
MEDDLER,MIDDLER,1
MEDDLER,MUDDLER,1
POSTURE,PASTURE,1
INDORSE,ENDORSE,1
TIB-CAT,GIB-CAT,1
ANAGOGY,ANALOGY,1
ANAGOGY,ANAGOGE,1
GLADDER,BLADDER,1
GLADDER,GLADDEN,1
GLADDEN,GLIDDEN,1
CRUSHER,BRUSHER,1
SEA MEW,SEA MAW,1
PURSIVE,PULSIVE,1
CAMBIUM,CYMBIUM,1
STEELER,STEALER,1
STEELER,STELLER,1
STEELER,STEEPER,1
STEELER,STEERER,1
AIRLESS,AIMLESS,1
AIRLESS,AISLESS,1
TANNAGE,TUNNAGE,1
TANNAGE,TANNATE,1
NAMABLE,TAMABLE,1
LEGUMEN,LEGUMIN,1
FLANKER,FLACKER,1
CAUTION,CANTION,1
CAUTION,CAPTION,1
SLOPING,STOPING,1
MISEASE,MISEASY,1
PILLOWY,BILLOWY,1
PILLOWY,PILLORY,1
SIMAGRE,SIMARRE,1
TRUSTER,TRYSTER,1
TRUSTER,TRUSTEE,1
SNUGGLE,SNIGGLE,1
HEADMAN,LEADMAN,1
HEADMAN,HEADPAN,1
BELLMAN,BILLMAN,1
SEDUCER,REDUCER,1
CIRSOID,CISSOID,1
AGATIZE,AGATINE,1
ELEATIC,ELECTIC,1
MANILLE,MANILLA,1
DIALLEL,DIALLYL,1
WRECCHE,DRECCHE,1
CROFTER,CRAFTER,1
WALAWAY,WELAWAY,1
STAMMER,STEMMER,1
STAMMER,STAMMEL,1
RELEASE,RELESSE,1
UNHORSE,UNHOUSE,1
DOGSKIN,HOGSKIN,1
DRAGMAN,DRAYMAN,1
SEPTANE,HEPTANE,1
SEPTANE,SEPTATE,1
LATRATE,LAURATE,1
OROLOGY,UROLOGY,1
OROLOGY,ONOLOGY,1
OROLOGY,OTOLOGY,1
OROLOGY,OVOLOGY,1
NIGGISH,RIGGISH,1
LOOMING,BOOMING,1
LOOMING,LOOPING,1
INDITER,INCITER,1
FINPIKE,FINLIKE,1
SANCTUM,SANCTUS,1
CARAVEL,CARAMEL,1
RETREAD,RETREAT,1
COURSER,COURTER,1
COURSER,COURSEY,1
BRAWNED,BRAINED,1
PENTAIL,VENTAIL,1
PENTAIL,PINTAIL,1
FEBRILE,FABRILE,1
FULLING,CULLING,1
FULLING,FALLING,1
REPLYER,REPLIER,1
NAYWARD,HAYWARD,1
NAYWARD,WAYWARD,1
NAYWARD,NAYWORD,1
UNGRAVE,ENGRAVE,1
UNGRAVE,INGRAVE,1
UNGRAVE,UNGRATE,1
PERFUSE,PERFUME,1
ENFLESH,INFLESH,1
ENFLESH,UNFLESH,1
CAROTID,PAROTID,1
CAROTID,CAROTIC,1
CAROTID,CAROTIN,1
HAYTIAN,HAITIAN,1
DRONISH,IRONISH,1
BOASTER,BLASTER,1
BOASTER,BOOSTER,1
POTTEEN,POTHEEN,1
POTTEEN,POTTERN,1
CATCALL,CATFALL,1
SEA COW,SEA BOW,1
SEA COW,SEA COB,1
PONTAGE,PORTAGE,1
PONTAGE,POTTAGE,1
CENTAGE,RENTAGE,1
CENTAGE,TENTAGE,1
CENTAGE,VENTAGE,1
CENTAGE,CENTARE,1
ONEROUS,OPEROUS,1
AISLESS,AIMLESS,1
STIFLER,STIFLED,1
SOOTHLY,SOUTHLY,1
DISPLAT,DISPLAY,1
NUNNERY,GUNNERY,1
GHASTLY,GHOSTLY,1
LEANING,LEADING,1
LEANING,LEAPING,1
LEANING,LEASING,1
PARTIAL,MARTIAL,1
YOUTHLY,SOUTHLY,1
COBBING,SOBBING,1
SINUATE,SITUATE,1
RESOUND,REBOUND,1
RESOUND,REFOUND,1
PROTECT,PROJECT,1
GLOSSLY,GROSSLY,1
INSNARL,ENSNARL,1
SCRITCH,SCRATCH,1
PERSANT,VERSANT,1
PERSANT,PERSALT,1
APHETIC,APHOTIC,1
UNCLOUD,INCLOUD,1
SYNTONY,SYNTOMY,1
REENTER,REINTER,1
UNSWEAR,UNSWEAT,1
HUANACO,GUANACO,1
SURVENE,SUBVENE,1
ZIRCONO,ZIRCONA,1
IMBURSE,EMBURSE,1
PRONATE,PROBATE,1
PRONATE,PRORATE,1
TIPSTER,TAPSTER,1
MORTISE,PORTISE,1
URANIAN,IRANIAN,1
SMARTLY,SMARTLE,1
DECANAL,DECADAL,1
GRINDLE,BRINDLE,1
OUTWORK,CUTWORK,1
SHALLOT,SHALLON,1
SHALLOT,SHALLOP,1
SHALLOT,SHALLOW,1
PRONITY,PROBITY,1
SHALLOW,SHALLON,1
SHALLOW,SHALLOP,1
SHALLOP,SCALLOP,1
SHALLOP,SHALLON,1
ROYNISH,ROINISH,1
ROYNISH,ROYTISH,1
HOGGISH,DOGGISH,1
HOGGISH,HAGGISH,1
PRITHEE,PRYTHEE,1
ROUGHEN,TOUGHEN,1
EVASION,ERASION,1
MIDWARD,MIDGARD,1
FIREARM,FOREARM,1
BUMPKIN,PUMPKIN,1
CONGEAL,CONCEAL,1
NAPLESS,HAPLESS,1
SEPOSIT,DEPOSIT,1
SEPOSIT,REPOSIT,1
RAPPAGE,RAMPAGE,1
LUCIFIC,MUCIFIC,1
UNWITCH,UNHITCH,1
RESTING,JESTING,1
RESTING,TESTING,1
RESTING,VESTING,1
RESTING,WESTING,1
PELECAN,PELICAN,1
DONABLE,DOMABLE,1
DONABLE,DOWABLE,1
TEXTURE,TEXTURY,1
OUTDARE,OUTDURE,1
JERQUER,JERGUER,1
POINTAL,POINTEL,1
NAIVELY,NAIVETY,1
FANTASM,FANTAST,1
FANTASM,FANTASY,1
ROOSTER,BOOSTER,1
ROOSTER,ROISTER,1
FANTASY,FANTAST,1
TESTATE,RESTATE,1
PABULAR,TABULAR,1
PABULAR,PAPULAR,1
PRESSOR,PRESSER,1
MISGIVE,MISLIVE,1
MIRABLE,MINABLE,1
MIRABLE,MIRACLE,1
ARBORED,ARMORED,1
ARBORED,ARBORET,1
MUNNION,RUNNION,1
WILEFUL,WELEFUL,1
VEHICLE,VESICLE,1
TRINGLE,CRINGLE,1
OVERBOW,OVERSOW,1
INJOINT,UNJOINT,1
TRAMPER,TRAPPER,1
ASCRIPT,ESCRIPT,1
FRANCIC,FRANTIC,1
BRANDLE,BRINDLE,1
BRANDLE,BRANGLE,1
BRANDLE,BRANSLE,1
OUTRIVE,OUTGIVE,1
OUTRIVE,OUTLIVE,1
OUTRIVE,OUTRIDE,1
MATRESS,MATRASS,1
MATRESS,MATROSS,1
PADDING,GADDING,1
PADDING,JADDING,1
PADDING,PUDDING,1
GREYLAG,GRAYLAG,1
CURTEIN,CURTAIN,1
PIDDLER,DIDDLER,1
PIDDLER,FIDDLER,1
PIDDLER,MIDDLER,1
PIDDLER,PADDLER,1
PIDDLER,PEDDLER,1
IDIOTRY,IDIOTCY,1
LOPEMAN,COPEMAN,1
SELENIC,SPLENIC,1
ENSTYLE,INSTYLE,1
ENSTYLE,EUSTYLE,1
HEPTOIC,SEPTOIC,1
BROCKET,BRACKET,1
CARCASS,CARCASE,1
CARCASE,PARCASE,1
CARCASE,CAPCASE,1
SYSTYLE,SYSTOLE,1
PUSHING,BUSHING,1
PUSHING,HUSHING,1
STABLER,STALLER,1
FOURCHE,COURCHE,1
ROISTER,FOISTER,1
WELFARE,EELFARE,1
PIASTER,DIASTER,1
PIASTER,PLASTER,1
WAYWARD,HAYWARD,1
PRIZING,PRIMING,1
UNQUIET,INQUIET,1
CONNECT,CONFECT,1
CONNECT,CONJECT,1
MYRRHIC,PYRRHIC,1
AVENAGE,AMENAGE,1
AVENAGE,AVERAGE,1
PICKING,NICKING,1
PICKING,TICKING,1
PICKING,PACKING,1
ACERATE,ACETATE,1
IMPASSE,IMPASTE,1
STRIATE,SERIATE,1
REPTANT,RESTANT,1
REPTANT,REPLANT,1
STUCKLE,STICKLE,1
TAPROOM,TAPROOT,1
FOULDER,POULDER,1
GRISTLE,BRISTLE,1
GRISTLE,GRISTLY,1
GRISTLY,BRISTLY,1
CROWDER,CHOWDER,1
CROWDER,CROWNER,1
TRUMPET,CRUMPET,1
TWINNED,TWINNER,1
CLOTTER,BLOTTER,1
CLOTTER,PLOTTER,1
CLOTTER,CLATTER,1
CLOTTER,CLUTTER,1
CLOTTER,CLOTTED,1
TWINNER,THINNER,1
TWINNER,TWINTER,1
DIZZARD,GIZZARD,1
TURFING,TURNING,1
MARRIER,BARRIER,1
MARRIER,CARRIER,1
MARRIER,FARRIER,1
MARRIER,HARRIER,1
MARRIER,TARRIER,1
MARRIER,MADRIER,1
SPURREY,SPURRER,1
EARLESS,OARLESS,1
EARLESS,EAGLESS,1
PANYARD,TANYARD,1
POLLARD,BOLLARD,1
POLLARD,LOLLARD,1
POLLARD,POULARD,1
VITRITE,NITRITE,1
VITRITE,VITRINE,1
POLYGON,POLYGYN,1
HIATION,PIATION,1
RAILING,SAILING,1
RAILING,TAILING,1
TOOLING,COOLING,1
MISTUNE,DISTUNE,1
ABIDING,ABODING,1
CATFISH,BATFISH,1
CATFISH,CATTISH,1
SLENDER,BLENDER,1
SLENDER,SPENDER,1
SLENDER,SLANDER,1
GLYSTER,CLYSTER,1
TURFMAN,SURFMAN,1
SKILFUL,SKINFUL,1
MANNITE,MANNIDE,1
RAMPION,CAMPION,1
SENSIST,SENSISM,1
SAYETTE,LAYETTE,1
SAYETTE,SAMETTE,1
MUSTILY,LUSTILY,1
MUSTILY,RUSTILY,1
MUSTILY,MISTILY,1
DRAUGHT,FRAUGHT,1
GIGGLER,HIGGLER,1
GIGGLER,NIGGLER,1
GIGGLER,GOGGLER,1
AGROUND,YGROUND,1
FOLIOLE,FOLIOSE,1
POTTERN,PATTERN,1
POTTERN,POSTERN,1
AVIDITY,ACIDITY,1
SUMMERY,BUMMERY,1
SUMMERY,SUMMARY,1
ELECTOR,FLECTOR,1
ELECTOR,EJECTOR,1
ELECTOR,ERECTOR,1
SET-OFF,LET-OFF,1
ESCULIN,ESCULIC,1
BARTERY,BATTERY,1
BARTERY,BARKERY,1
SAWBILL,SAWMILL,1
PARABLE,EARABLE,1
PARABLE,PACABLE,1
PLEADER,PLEASER,1
PICKLED,SICKLED,1
PICKLED,PECKLED,1
LATERAN,CATERAN,1
DISPORT,DESPORT,1
DISPORT,DISTORT,1
DISPORT,DISPART,1
DISPORT,DISPOST,1
PYRITES,PORITES,1
PLAITED,PLANTED,1
SKITTLE,SMITTLE,1
SKITTLE,SPITTLE,1
SALIENT,SAPIENT,1
SALIENT,SALIANT,1
TRICKLE,BRICKLE,1
TRICKLE,FRICKLE,1
TRICKLE,PRICKLE,1
TRICKLE,TRUCKLE,1
CANELLA,CAPELLA,1
INEARTH,UNEARTH,1
HYLOISM,HYLOIST,1
DESTINE,SESTINE,1
LOATHER,LEATHER,1
RINGING,GINGING,1
RINGING,SINGING,1
RINGING,RIGGING,1
RINGING,RINKING,1
COMPOST,COMPOSE,1
RIGGING,DIGGING,1
RIGGING,JIGGING,1
RIGGING,RUGGING,1
GALLIUM,BALLIUM,1
GALLIUM,PALLIUM,1
CHATTEL,CHATTER,1
FALSIFY,SALSIFY,1
PRODUCE,PRODUCT,1
HAMULAR,FAMULAR,1
AUDIBLY,AUDIBLE,1
SHANKED,SHANKER,1
SHANKER,SPANKER,1
SHANKER,SHARKER,1
CONSORT,CONTORT,1
SCATTER,SHATTER,1
SCATTER,SMATTER,1
SCATTER,SPATTER,1
SCATTER,SCUTTER,1
OUTLIVE,OUTGIVE,1
ALBUMIN,ALBUMEN,1
TIMBREL,WIMBREL,1
CAPRICE,CAPRINE,1
MUNGREL,MONGREL,1
MAUNDER,LAUNDER,1
MINIBUS,MINIMUS,1
MINIBUS,MINIOUS,1
BEATIFY,NEATIFY,1
STATING,STAGING,1
STATING,STAVING,1
CORNUTO,CORNUTE,1
DISLIMN,DISLIMB,1
WRITTEN,WRITHEN,1
XIPHIUS,XIPHIAS,1
BRISKET,FRISKET,1
HEMATIC,SEMATIC,1
HEMATIC,HEPATIC,1
HEMATIC,HEMATIN,1
SOUTANE,SOUTAGE,1
DISPAIR,DESPAIR,1
IMPOSER,IMPOWER,1
DISPAND,DISBAND,1
DISPAND,DISPEND,1
DISPAND,DISPOND,1
TOLLAGE,POLLAGE,1
TOLLAGE,TALLAGE,1
FLOODER,FLOORER,1
ACARINE,ACARINA,1
HUMERAL,HUMORAL,1
WAPPING,LAPPING,1
WAPPING,NAPPING,1
ADDABLE,ADDIBLE,1
FORWETE,FORFETE,1
FORWETE,FORYETE,1
SLIDDER,SLIDDEN,1
BATFISH,BARFISH,1
POULDER,POULTER,1
PROPANE,PROPENE,1
PROPANE,PROPINE,1
PROPANE,PROPONE,1
JELLIED,BELLIED,1
VEILING,CEILING,1
OVERTLY,OVERPLY,1
RAMPANT,RAMPART,1
INCLAVE,ENCLAVE,1
SCORPER,SCOOPER,1
SCORPER,SCORNER,1
TACTUAL,FACTUAL,1
AMORPHY,AMORPHA,1
SNUFFLE,SNAFFLE,1
SNUFFLE,SNIFFLE,1
MISLEAD,MISREAD,1
PARTURE,PASTURE,1
STICKER,SLICKER,1
STICKER,SNICKER,1
STICKER,STINKER,1
STICKER,STICKED,1
TOPSOIL,TOPSAIL,1
SWINDLE,DWINDLE,1
SWINDLE,SHINDLE,1
SWINDLE,SPINDLE,1
SWINDLE,SWINGLE,1
TURBANT,TURBAND,1
BINDING,FINDING,1
BINDING,MINDING,1
BINDING,WINDING,1
BINDING,BENDING,1
BINDING,BIRDING,1
UNTRUST,ENTRUST,1
UNTRUST,INTRUST,1
UNTRUST,UNTRUSS,1
ALUMINA,ALUMINE,1
NOYANCE,NOIANCE,1
REFUSER,REFUTER,1
TOGGERY,HOGGERY,1
REPRINT,REPAINT,1
GOODISH,MOODISH,1
GOODISH,GOOSISH,1
SENTINE,PENTINE,1
SENTINE,SESTINE,1
PHONICS,PHOTICS,1
SATCHEL,RATCHEL,1
GABELER,LABELER,1
GABELER,GABBLER,1
PLUMPER,CLUMPER,1
UNBRAID,UPBRAID,1
BAROCCO,BAJOCCO,1
CALORIC,CHLORIC,1
CALORIC,CALORIE,1
MORELLE,MOSELLE,1
MORELLE,MORELLO,1
PRANCER,PRANKER,1
BLAZING,GLAZING,1
PILLERY,PILFERY,1
PILLERY,PILLORY,1
SURNAME,SIRNAME,1
SOURISH,NOURISH,1
OBELIZE,OBOLIZE,1
ROSELLE,MOSELLE,1
ROSELLE,ROSELLA,1
STALDER,SCALDER,1
STALDER,STANDER,1
STALDER,STALLER,1
SPATTER,SHATTER,1
SPATTER,SMATTER,1
SPATTER,SPUTTER,1
TERCINE,TERMINE,1
JUTTING,BUTTING,1
JUTTING,PUTTING,1
ESCHEAT,EXCHEAT,1
CINDERY,BINDERY,1
FITMENT,FIGMENT,1
ENTONIC,ENTOTIC,1
WORDING,WORKING,1
EMPTION,EMOTION,1
FRAIGHT,FREIGHT,1
FRAIGHT,FRAUGHT,1
FEMINAL,GEMINAL,1
DANDIFY,CANDIFY,1
ERGOTIC,ERGOTIN,1
MONERON,MONERAN,1
GUSTFUL,RUSTFUL,1
REBOUND,REFOUND,1
RIBBING,RUBBING,1
QUADRI-,QUADRIC,1
QUADRI-,QUADRIN,1
BURETTE,CURETTE,1
ROUNDED,ROUNDEL,1
ROUNDED,ROUNDER,1
QUADRIN,QUADRIC,1
FILICAL,FINICAL,1
ROUNDER,BOUNDER,1
ROUNDER,ROUNDEL,1
STIPTIC,STYPTIC,1
COLICAL,CODICAL,1
FICTION,DICTION,1
FICTION,FACTION,1
GRIZZLE,DRIZZLE,1
GRIZZLE,FRIZZLE,1
GRIZZLE,WRIZZLE,1
GRIZZLE,GRIZZLY,1
CAMBREL,GAMBREL,1
BESTIAL,BESTILL,1
GOBBLER,HOBBLER,1
GOBBLER,NOBBLER,1
GOBBLER,GABBLER,1
SPITTLE,SMITTLE,1
SPITTLE,SPATTLE,1
SPITTLE,SPIRTLE,1
SPITTLE,SPITTLY,1
UNFLESH,INFLESH,1
TARRACE,TERRACE,1
WALKING,CALKING,1
ROTUNDA,ROTUNDO,1
DOUBTER,DOUBLER,1
SEXTANS,SEXTANT,1
CLUMPER,CLAMPER,1
CLUMPER,CLUMBER,1
SKELDER,SKELTER,1
TELLING,TELLINA,1
PROXIME,PROXIMO,1
BRACTED,FRACTED,1
BRACTED,BRACTEA,1
HOGGING,JOGGING,1
HOGGING,LOGGING,1
HOGGING,NOGGING,1
WOURALI,WOORALI,1
MELANIN,MELANIC,1
PUDICAL,PODICAL,1
TRIBUNE,TRIBUTE,1
BUTTONS,BUTTONY,1
EXUVIAE,EXUVIAL,1
BUTTONY,MUTTONY,1
MILLIER,WILLIER,1
ENSCALE,UNSCALE,1
CHARADE,CHAMADE,1
SURLING,PURLING,1
SURLING,SUTLING,1
PREGAGE,PRESAGE,1
LIGNIFY,DIGNIFY,1
ACCUSER,ACCUSED,1
SHRIVEL,SHRIVEN,1
SHRIVEL,SHRIVER,1
SHRIVEN,STRIVEN,1
SHRIVEN,SHRIVER,1
LOGWOOD,BOGWOOD,1
GLAZIER,GRAZIER,1
GLAZIER,GLACIER,1
CERAMIC,KERAMIC,1
GRAZIER,BRAZIER,1
SALSAFY,SALSIFY,1
GOLOSHE,GALOSHE,1
TONICAL,TOPICAL,1
HUFFISH,MUFFISH,1
COSTREL,CUSTREL,1
COSTREL,COTTREL,1
EPAGOGE,APAGOGE,1
WARLOCK,CARLOCK,1
WARLOCK,EARLOCK,1
WARLOCK,HARLOCK,1
WARLOCK,OARLOCK,1
TURFITE,TURBITE,1
COOLUNG,COOLING,1
COCKLER,COCKLED,1
EASTING,LASTING,1
EASTING,MASTING,1
EASTING,TASTING,1
EASTING,WASTING,1
HORDOCK,HARDOCK,1
SUCKING,DUCKING,1
DASTARD,BASTARD,1
ROBBERY,BOBBERY,1
CONCITE,CONCISE,1
EBONIZE,EBONITE,1
CLUTTER,CLATTER,1
CLUTTER,CLUSTER,1
LUCTUAL,LECTUAL,1
SERPENS,SERPENT,1
HARDOCK,HADDOCK,1
HARDOCK,HARLOCK,1
BATTERY,BUTTERY,1
CLABBER,BLABBER,1
CLABBER,CRABBER,1
RENTAGE,TENTAGE,1
RENTAGE,VENTAGE,1
STEMPLE,STEEPLE,1
PROVANT,PROVENT,1
AWELESS,AGELESS,1
DOGBANE,DOGVANE,1
HARMINE,CARMINE,1
DENTIZE,DENTILE,1
WRISTER,WAISTER,1
WRISTER,WRESTER,1
CROPPER,DROPPER,1
CROPPER,CROUPER,1
BRETZEL,PRETZEL,1
RILIEVO,RELIEVO,1
BORDAGE,CORDAGE,1
BORDAGE,BONDAGE,1
BOTARGO,POTARGO,1
GULLERY,FULLERY,1
GULLERY,GALLERY,1
ETHENIC,STHENIC,1
DARKFUL,DAREFUL,1
NARDINE,PARDINE,1
NARDINE,SARDINE,1
NARDINE,NANDINE,1
EXOTERY,ESOTERY,1
MUGWORT,BUGWORT,1
LANIATE,LABIATE,1
SIMIOUS,NIMIOUS,1
CRANKLE,CRINKLE,1
SURDINY,SURDITY,1
LUMPING,JUMPING,1
LUMPING,PUMPING,1
LUMPING,LAMPING,1
SCOOPER,STOOPER,1
LUNETTE,CUNETTE,1
ADDIBLE,AUDIBLE,1
OXALINE,OPALINE,1
SLOUGHY,SLOUCHY,1
ECBASIS,ECTASIS,1
DISTAIN,DISDAIN,1
SAILING,TAILING,1
SAILING,SAPLING,1
BOCKING,COCKING,1
BOCKING,MOCKING,1
BOCKING,ROCKING,1
BOCKING,BACKING,1
FINLIKE,FANLIKE,1
AMENDER,EMENDER,1
METAYER,METAMER,1
MUMPISH,DUMPISH,1
MUMPISH,LUMPISH,1
SPIGNET,SPIGNEL,1
SEA BOW,SEA BOY,1
UPRIGHT,SPRIGHT,1
UPRIGHT,UNRIGHT,1
SLUBBER,BLUBBER,1
SLUBBER,SLIBBER,1
SLUBBER,SLOBBER,1
SLUBBER,SLUMBER,1
INEQUAL,UNEQUAL,1
FARTHER,FURTHER,1
OCARINA,ACARINA,1
PIERCEL,PIERCED,1
MAMMOSE,MARMOSE,1
SERVICE,SERVILE,1
SERVICE,SERVITE,1
FISSILE,MISSILE,1
LIGNOSE,LIGNONE,1
DIPOLAR,BIPOLAR,1
OUTSING,OUTRING,1
CITTERN,BITTERN,1
CITTERN,GITTERN,1
CITTERN,CITHERN,1
SANDMAN,LANDMAN,1
FRAZZLE,FRIZZLE,1
CLATTER,FLATTER,1
CLATTER,PLATTER,1
CLATTER,CHATTER,1
PANTILE,CANTILE,1
PANTILE,PENTILE,1
PANTILE,PONTILE,1
FORTLET,FORELET,1
PRIMATE,PRIVATE,1
PRIMATE,PRIMAGE,1
ECBOLIC,EMBOLIC,1
MANTLET,CANTLET,1
MANTLET,GANTLET,1
MANTLET,MARTLET,1
FLICKER,CLICKER,1
FLICKER,SLICKER,1
FLICKER,FLACKER,1
FLICKER,FLECKER,1
ENTWIST,INTWIST,1
HEALING,DEALING,1
HEALING,HEADING,1
HEALING,HEATING,1
HEALING,HEAVING,1
PLUMULA,PLUMULE,1
LIBELER,LABELER,1
FREEZER,FRIEZER,1
VITRIFY,NITRIFY,1
TALIPOT,GALIPOT,1
DOWABLE,BOWABLE,1
DOWABLE,ROWABLE,1
DOWABLE,DOMABLE,1
LEAKAGE,LEAFAGE,1
OUTHESS,OUTNESS,1
THEREOF,THEREON,1
LOGGING,JOGGING,1
LOGGING,NOGGING,1
LOGGING,LEGGING,1
LOGGING,LONGING,1
MOVABLE,LOVABLE,1
MOVABLE,MOVABLY,1
RACKETY,RACKETT,1
TRIOLET,TRIPLET,1
PRINKER,DRINKER,1
PRINKER,PRANKER,1
PRINKER,PRICKER,1
PRINKER,PRINTER,1
CLICKER,SLICKER,1
DOLPHIN,DELPHIN,1
POUTING,POSTING,1
BITTERN,GITTERN,1
BITTERN,BITTERS,1
DELAYER,DECAYER,1
CESSANT,JESSANT,1
WENCHER,BENCHER,1
WENCHER,WELCHER,1
RANDING,LANDING,1
COTLAND,COPLAND,1
SICKLED,SICKLER,1
SICKLER,SUCKLER,1
HEATHER,FEATHER,1
HEATHER,LEATHER,1
CALCULI,CALCULE,1
SNICKER,KNICKER,1
SNICKER,SLICKER,1
DISTEND,DISBEND,1
DISTEND,DISPEND,1
DISTEND,DISTENT,1
DISTENT,DISSENT,1
PENTANE,PENTINE,1
PENTANE,PENTONE,1
HABITAN,HABITAT,1
BLOATER,BLEATER,1
BLOATER,BLOTTER,1
WRINKLE,CRINKLE,1
WRINKLE,WRINKLY,1
CHOLATE,CHELATE,1
ERECTER,ERECTOR,1
BUNTING,HUNTING,1
BUNTING,BUTTING,1
TWITTER,TWINTER,1
TWITTER,TWISTER,1
PRAVITY,GRAVITY,1
GILLIAN,GALLIAN,1
THUMMIM,THUMMIE,1
CRICKET,PRICKET,1
RETOUCH,RECOUCH,1
DIGHTER,FIGHTER,1
DIGHTER,LIGHTER,1
DIGHTER,RIGHTER,1
DIGHTER,TIGHTER,1
YEDDING,WEDDING,1
PEACOCK,MEACOCK,1
SURVIVE,SURVISE,1
WIGHTLY,NIGHTLY,1
WIGHTLY,TIGHTLY,1
DESPEED,DISPEED,1
DESPEED,DESPEND,1
OKENITE,OWENITE,1
COACHEE,COACHER,1
GROOPER,DROOPER,1
GROOPER,GROOMER,1
PALLIUM,BALLIUM,1
FASCIAL,FAUCIAL,1
OPERANT,OPERAND,1
TAKE-UP,MAKE-UP,1
AZURITE,AZURINE,1
ABSCOND,ABSCIND,1
DERIVER,DELIVER,1
DERIVER,DERIDER,1
MORINDA,MORINGA,1
DEMOUNT,REMOUNT,1
LIDLESS,LIPLESS,1
REPREVE,REPREFE,1
NILOTIC,NICOTIC,1
TREDDLE,TREADLE,1
TREDDLE,TRENDLE,1
FURBISH,FURNISH,1
LAMPING,LAPPING,1
CORTILE,TORTILE,1
CORTILE,COCTILE,1
SHUNTER,SAUNTER,1
TAILAGE,TALLAGE,1
BLOTTER,PLOTTER,1
CAJUPUT,CAJEPUT,1
RIGHTEN,LIGHTEN,1
RIGHTEN,TIGHTEN,1
RIGHTEN,RIGHTER,1
RIGHTER,FIGHTER,1
RIGHTER,LIGHTER,1
RIGHTER,TIGHTER,1
VIMINAL,VICINAL,1
GAZELLE,GABELLE,1
COOLING,CODLING,1
COOLING,COLLING,1
BENCHER,BELCHER,1
PROTEIN,PROTEID,1
RISSOID,CISSOID,1
CLOSURE,CLOTURE,1
WISHING,DISHING,1
WISHING,FISHING,1
FROSTED,FRONTED,1
SATIETY,SACIETY,1
SERRIED,BERRIED,1
EMERAUD,EMERALD,1
DISHFUL,FISHFUL,1
CURETTE,CUNETTE,1
CURETTE,CUVETTE,1
OLIVINE,OLIVITE,1
SHRIGHT,SPRIGHT,1
REPINER,REFINER,1
SWINGER,STINGER,1
SWINGER,SWINKER,1
SWINGER,SWINGEL,1
EXQUIRE,ENQUIRE,1
EXQUIRE,ESQUIRE,1
PIGMENT,FIGMENT,1
WARNING,EARNING,1
WARNING,WARLING,1
FIORITE,DIORITE,1
PREMISE,PROMISE,1
PREMISE,PREMISS,1
WINSING,WINCING,1
WINSING,WINDING,1
WINSING,WINNING,1
DESPECT,RESPECT,1
SUNDIAL,SUBDIAL,1
BRAVING,CRAVING,1
BRAVING,BRACING,1
BRAVING,BRAYING,1
GALLEIN,GALLEON,1
REGRADE,DEGRADE,1
REGRADE,REGRATE,1
DOGSHIP,DONSHIP,1
PIDDOCK,PADDOCK,1
PIDDOCK,PUDDOCK,1
CALABAR,MALABAR,1
CHEERRY,CHEERLY,1
JINGLER,MINGLER,1
SKINKER,STINKER,1
SKINKER,SWINKER,1
GAUDISH,GADDISH,1
GAUDISH,GAULISH,1
LINEAGE,LINKAGE,1
GAVELET,WAVELET,1
PREPOSE,PROPOSE,1
COBOOSE,CABOOSE,1
UROCELE,URODELE,1
SHYNESS,SLYNESS,1
SHYNESS,SHINESS,1
FALLING,GALLING,1
FALLING,FATLING,1
FALLING,FALDING,1
MESTIZO,MESTINO,1
STUFFER,SNUFFER,1
SADDLED,SADDLER,1
PADDLER,SADDLER,1
PADDLER,WADDLER,1
PADDLER,PEDDLER,1
FLUXILE,FLEXILE,1
FLUXILE,FLUXIVE,1
APOGEAN,APOGEAL,1
MASONIC,MALONIC,1
PRESTER,WRESTER,1
PRESTER,PRESSER,1
PANDORE,MANDORE,1
PANDORE,PANDORA,1
FLIPPER,CLIPPER,1
FLIPPER,SLIPPER,1
FLIPPER,FRIPPER,1
EXARATE,EXORATE,1
HAGGARD,LAGGARD,1
WAVERER,WAFERER,1
WAVERER,WAGERER,1
WAVERER,WATERER,1
RELIANT,RESIANT,1
PERCASE,PARCASE,1
PERCASE,PERCALE,1
PLOUTER,FLOUTER,1
PLOUTER,PLOTTER,1
SULTANA,SULTANY,1
WHIPPER,SHIPPER,1
WHIPPER,WHIMPER,1
BROIDER,BROILER,1
WRINKLY,CRINKLY,1
LAURONE,LADRONE,1
SHINESS,SLINESS,1
MERLING,MORLING,1
CORONEL,COLONEL,1
CORONEL,CORONAL,1
CORONEL,CORONER,1
CORONER,COLONER,1
FOREMAN,FORERAN,1
LACTEAN,LACTEAL,1
ACQUIST,ACQUEST,1
ACQUIST,ACQUIET,1
CUMINOL,CUMINIL,1
CONFIRM,CONFORM,1
CACAINE,COCAINE,1
LITUATE,SITUATE,1
LITUATE,LIQUATE,1
LITUATE,LITUITE,1
TABORET,TABARET,1
TABORET,TABORER,1
TABORER,LABORER,1
OXAMATE,OXALATE,1
SIMILOR,SEMILOR,1
MUDDILY,RUDDILY,1
PRINTER,PAINTER,1
PRINTER,POINTER,1
CONJECT,CONFECT,1
COUPLER,COUPLET,1
BUTTOCK,PUTTOCK,1
BUTTOCK,BITTOCK,1
FRACTED,FRUCTED,1
BRAILLE,GRAILLE,1
REEDING,WEEDING,1
REEDING,REEFING,1
STEMLET,STERLET,1
SWIFTER,SHIFTER,1
OSTOSIS,OSMOSIS,1
ORBITAR,ORBITAL,1
DRIBBER,DRABBER,1
DRIBBER,DRUBBER,1
CHOLEIC,CHOREIC,1
ECTASIA,ENTASIA,1
ECTASIA,ECTASIS,1
GLYPHIC,GLYPTIC,1
YPOCRAS,IPOCRAS,1
CRISPLY,CRIPPLY,1
BARRAGE,HARRAGE,1
COMMUNE,COMMUTE,1
PICRATE,PICRITE,1
SANICLE,PANICLE,1
GADDISH,BADDISH,1
GADDISH,CADDISH,1
GADDISH,MADDISH,1
CARKING,MARKING,1
CARKING,SARKING,1
CARKING,CALKING,1
CARKING,CARPING,1
HARMFUL,WARMFUL,1
MELTING,BELTING,1
MELTING,PELTING,1
MELTING,YELTING,1
MELTING,MALTING,1
BOUNDER,BHUNDER,1
BOUNDER,BOURDER,1
FAULTER,VAULTER,1
SLYNESS,SLINESS,1
DIALIST,DIARIST,1
CRIPPLE,DRIPPLE,1
CRIPPLE,GRIPPLE,1
CRIPPLE,CRAPPLE,1
CRIPPLE,CRIMPLE,1
CRIPPLE,CRIPPLY,1
STRIPED,STRIVED,1
UNCLASP,ENCLASP,1
LEARNER,LEARNED,1
SPANNER,SPINNER,1
SPANNER,SPAWNER,1
SPANNER,SPANKER,1
BECHARM,DECHARM,1
WARBLER,GARBLER,1
AVERTED,AVERTER,1
DROPPER,DROOPER,1
STRIVER,SHRIVER,1
STRIVER,STRIVED,1
STRIVER,STRIVEN,1
TALLIER,HALLIER,1
TALLIER,RALLIER,1
PARCITY,PAUCITY,1
CONCERT,CONVERT,1
CONCERT,CONCEIT,1
CONCERT,CONCENT,1
CONCERT,CONCERN,1
LECTURN,LECTURE,1
BERETTA,BIRETTA,1
LECTURE,VECTURE,1
MONSTER,MINSTER,1
RETRUDE,DETRUDE,1
RETRUDE,RETRUSE,1
MAMMOCK,CAMMOCK,1
OUTRIDE,OUTREDE,1
FLUXION,FLEXION,1
RUPTURE,RAPTURE,1
BROMINE,BROMIDE,1
SABELLA,FABELLA,1
MINIMUS,MINIOUS,1
RUINATE,QUINATE,1
WAYLESS,RAYLESS,1
BETHUMB,BETHUMP,1
CUSTODE,CESTODE,1
UNSTACK,UNSTICK,1
CHAMPER,CLAMPER,1
CHAMPER,CHAMBER,1
CHAMPER,CHAMFER,1
NAGGING,BAGGING,1
NAGGING,FAGGING,1
NAGGING,SAGGING,1
NAGGING,NOGGING,1
IMPASTO,IMPASTE,1
SPRINGE,SCRINGE,1
SPRINGE,SKRINGE,1
SPRINGE,SYRINGE,1
SPRINGE,SPRENGE,1
CERESIN,CERASIN,1
CERESIN,CEROSIN,1
FEIGNER,REIGNER,1
FEIGNER,FEIGNED,1
TREATER,TREADER,1
PIGTAIL,PINTAIL,1
PISCINA,DISCINA,1
PISCINA,PISCINE,1
PLASTIC,PLASMIC,1
PLASTIC,PLASTIN,1
CEDRENE,CEDRINE,1
TURKOIS,TURKEIS,1
TURKISM,BURKISM,1
TURKISM,TURCISM,1
TURKISM,TURKISH,1
FUNGITE,FENGITE,1
FUNGITE,FUNGATE,1
CHISLEY,CHISLEU,1
QUILTER,QUIETER,1
COTTREL,DOTTREL,1
MILKMAN,SILKMAN,1
BREATHE,WREATHE,1
ANDROID,ANEROID,1
CABLING,TABLING,1
FLUVIAL,PLUVIAL,1
TERTIAL,TERTIAN,1
DEVOTED,DEVOTEE,1
DEVOTED,DEVOTER,1
DEVOTEE,DEVOTER,1
DOUBLER,DOUBLET,1
DANDLER,DAWDLER,1
DANDLER,DANGLER,1
BOWBELL,LOWBELL,1
CLIPPER,SLIPPER,1
CLIPPER,CLAPPER,1
FAMULAR,FACULAR,1
CITRINE,VITRINE,1
CADDISH,BADDISH,1
CADDISH,MADDISH,1
ASTATIC,ASIATIC,1
CHAFING,CHASING,1
MATROSS,MATRASS,1
CALOYER,KALOYER,1
COLLIDE,COLLUDE,1
COLLIDE,COLLINE,1
ENQUIRE,ESQUIRE,1
ENQUIRE,ENQUERE,1
ENQUIRE,ENQUIRY,1
CLYSTER,CLUSTER,1
PROPENE,PROXENE,1
PROPENE,PROPINE,1
PROPENE,PROPONE,1
PROPENE,PROPEND,1
PROPEND,PROVEND,1
GIRDING,BIRDING,1
BUSHING,HUSHING,1
GUSTARD,CUSTARD,1
GUSTARD,MUSTARD,1
SINGING,GINGING,1
SINGING,SINKING,1
LOVEFUL,LEVEFUL,1
NUMMARY,SUMMARY,1
MISWEND,MISSEND,1
YELTING,BELTING,1
YELTING,PELTING,1
LANIARD,LANIARY,1
PUGGING,RUGGING,1
PUGGING,PEGGING,1
DANKISH,DARKISH,1
SMARTLE,STARTLE,1
SIMPLER,SAMPLER,1
BLANDLY,BLINDLY,1
SERPULA,SERRULA,1
TESTERN,YESTERN,1
SUCCULA,SUCCUBA,1
FLEECER,FLEERER,1
WINESAP,PINESAP,1
SLANDER,STANDER,1
DISMASK,DISMAST,1
NITHING,TITHING,1
NITHING,NOTHING,1
STAGELY,STAGERY,1
DEXTRAD,DEXTRAL,1
FACTION,PACTION,1
FACTION,TACTION,1
KITLING,WITLING,1
KITLING,KIDLING,1
THERIAL,THERMAL,1
FLUSHER,BLUSHER,1
INGRATE,UNGRATE,1
INGRATE,INGRACE,1
INGRATE,INGRAVE,1
SANABLE,MANABLE,1
WALLABY,WALLABA,1
MAXILLA,MANILLA,1
THIONOL,THIONYL,1
OPIFICE,ORIFICE,1
BERTRAM,BARTRAM,1
SYLVATE,SILVATE,1
ZIONISM,LIONISM,1
JADDING,GADDING,1
KILLOCK,HILLOCK,1
KILLOCK,SILLOCK,1
RAWBONE,JAWBONE,1
CADMEAN,CADMIAN,1
SLASHED,SLASHER,1
CATTISH,FATTISH,1
CALAITE,CALCITE,1
SOAKING,SOARING,1
METHENE,METHANE,1
ROTELLA,ROSELLA,1
COACHER,POACHER,1
PILCHER,FILCHER,1
PILCHER,PINCHER,1
PILCHER,PITCHER,1
REMARRY,RECARRY,1
FEMORAL,NEMORAL,1
FEMORAL,FEMERAL,1
PARTITE,MARTITE,1
PARTITE,PARTITA,1
DIFFIND,DIFFINE,1
STEALER,STELLER,1
STEALER,STEAMER,1
LOOPING,POOPING,1
LOOPING,LOUPING,1
TACKING,BACKING,1
TACKING,PACKING,1
TACKING,RACKING,1
TACKING,TICKING,1
MELLATE,MELLITE,1
DURABLY,DURABLE,1
SEXTANT,SECTANT,1
WHIRTLE,WHITTLE,1
PRIMINE,PRIMING,1
EROGATE,ERUGATE,1
TARDILY,TARDITY,1
MUFFLER,MAFFLER,1
RUSTILY,LUSTILY,1
RUSTILY,RESTILY,1
LOBELIA,LOBELIN,1
BLUBBER,BLABBER,1
BLUBBER,BLOBBER,1
STEARIC,STEARIN,1
DELPHIC,DELPHIN,1
QUANTIC,QUARTIC,1
GRANITE,URANITE,1
GRANITE,GRANATE,1
LAPWING,LAPPING,1
FRIABLE,FRIBBLE,1
SCUTTLE,SHUTTLE,1
RUCTION,AUCTION,1
RUCTION,DUCTION,1
RUCTION,RECTION,1
RUCTION,RUPTION,1
PROPICE,PROPINE,1
PIGWEED,PINWEED,1
MISRATE,DISRATE,1
MISRATE,MISDATE,1
MISRATE,MISMATE,1
LOLLARD,BOLLARD,1
FINNISH,FENNISH,1
NOGGING,JOGGING,1
STEREO-,STERNO-,1
OPPOSER,APPOSER,1
BOTCHER,POTCHER,1
THIENYL,THIONYL,1
RELIGHT,DELIGHT,1
FROUNCE,TROUNCE,1
FROUNCE,FLOUNCE,1
BROKAGE,BROCAGE,1
OUTWEED,OUTWEEP,1
PREFACE,PROFACE,1
DERIDER,DECIDER,1
VEDETTE,VIDETTE,1
FURTHER,MURTHER,1
CRAMPET,CRUMPET,1
CRAMPET,CRAMPIT,1
SPURNER,SPURRER,1
TREACLY,TREACLE,1
BOLLING,COLLING,1
BOLLING,BILLING,1
BOLLING,BOILING,1
BOLLING,BOWLING,1
DESPITE,DESPISE,1
PURVIEW,SURVIEW,1
DISLIVE,MISLIVE,1
AUCTION,DUCTION,1
PETRINE,PEBRINE,1
LASTING,MASTING,1
LASTING,TASTING,1
LASTING,WASTING,1
LASTING,LISTING,1
LASTING,LASHING,1
FALDAGE,FOLDAGE,1
FALDAGE,FARDAGE,1
FALCULA,FAECULA,1
REMOVER,RECOVER,1
DESSERT,DISSERT,1
ELUXATE,ELIXATE,1
IMBOWEL,IMBOWER,1
PINNAGE,PENNAGE,1
IMBOWER,EMBOWER,1
IMBOWER,IMPOWER,1
PLASTIN,PLASMIN,1
UNSHALE,UNSCALE,1
UNSHALE,UNSHAPE,1
BOILING,FOILING,1
BOILING,BOWLING,1
MULLION,CULLION,1
COUNTOR,COUNTER,1
PREDATE,PRELATE,1
BACKSAW,JACKSAW,1
SERVITE,SERVILE,1
JANUARY,MANUARY,1
PELFISH,SELFISH,1
SEA BAT,SEA MAT,1
SEA BAT,SEA RAT,1
PERSIAN,PERMIAN,1
DIFFINE,DIFFIDE,1
UNTHANK,UNTHINK,1
ALCAYDE,ALCALDE,1
SORBATE,SORBITE,1
BEHIGHT,BEDIGHT,1
PEYTREL,PEITREL,1
MARLINE,MARLITE,1
MISSION,FISSION,1
MISSION,MISTION,1
BEDSITE,BEDSIDE,1
CABARET,TABARET,1
RALLIER,HALLIER,1
RALLIER,RALLIES,1
MINCING,WINCING,1
MINCING,MINDING,1
TOBACCO,TABACCO,1
DELAPSE,RELAPSE,1
GROSSLY,CROSSLY,1
FLESHLY,FRESHLY,1
LIGHTEN,TIGHTEN,1
LIGHTEN,LIGHTER,1
PROPOSE,PROPONE,1
LIGHTER,FIGHTER,1
LIGHTER,TIGHTER,1
BUCKISH,PUCKISH,1
WARFARE,WAYFARE,1
PLEDGEE,PLEDGER,1
PLEDGEE,PLEDGET,1
PLEDGET,PLEDGER,1
UNARMED,ENARMED,1
SWEEPER,SLEEPER,1
SWEEPER,STEEPER,1
CRUMBLY,CRUMBLE,1
GABBLER,BABBLER,1
GABBLER,RABBLER,1
GABBLER,GAMBLER,1
GABBLER,GARBLER,1
URANITE,URALITE,1
URANITE,URANATE,1
SALIANT,SALTANT,1
REPRESS,DEPRESS,1
REPRESS,REDRESS,1
SWABBER,SWOBBER,1
MODULAR,NODULAR,1
RUTTIER,PUTTIER,1
SEERESS,PEERESS,1
BY-PAST,BY-PASS,1
ELATIVE,FLATIVE,1
ELATIVE,ERATIVE,1
BRUSTLE,BRISTLE,1
PREVENT,PROVENT,1
PREVENT,PRESENT,1
PREVENT,PREVENE,1
POSTERO,POSTERN,1
PYAEMIA,PYAEMIC,1
PUNCHER,MUNCHER,1
PUNCHER,PINCHER,1
RUDDOCK,PUDDOCK,1
RUDDOCK,RADDOCK,1
TRAINEL,TRANNEL,1
GLUCOSE,GLYCOSE,1
SLUMBER,CLUMBER,1
TARNISH,TARTISH,1
SILICIC,FILICIC,1
PYRAMID,PYRALID,1
PYRAMID,PYRAMIS,1
FESTIVE,RESTIVE,1
SUMLESS,SUNLESS,1
SHOPPER,SHIPPER,1
DECAYED,DECAYER,1
VERNILE,VERNINE,1
UNGUENT,ONGUENT,1
MANAKIN,CANAKIN,1
MANAKIN,MANIKIN,1
HOUSING,MOUSING,1
SONIFER,CONIFER,1
TURBETH,TURBITH,1
SEAMING,BEAMING,1
SEAMING,TEAMING,1
SEAMING,SEEMING,1
WASTAGE,WAFTAGE,1
WASTAGE,WANTAGE,1
WHEELER,WHEELED,1
NICTATE,DICTATE,1
CULLING,COLLING,1
CULLING,CUTLING,1
ZINCODE,ZINCIDE,1
YELLOWS,BELLOWS,1
MISTIME,MISTIDE,1
HOBBLER,NOBBLER,1
HOBBLER,HOBILER,1
TURNING,BURNING,1
RICTURE,PICTURE,1
COULTER,BOULTER,1
COULTER,POULTER,1
COULTER,COUNTER,1
COULTER,COURTER,1
CLUBBED,CHUBBED,1
VENTOSE,PENTOSE,1
VENTOSE,VENTUSE,1
ECTOPIC,ECTOPIA,1
TILLMAN,BILLMAN,1
TILLMAN,TOLLMAN,1
PACTION,TACTION,1
SCANDIA,SCANDIC,1
SCANDIC,SCALDIC,1
JEOPARD,LEOPARD,1
SKITTER,SLITTER,1
DIGRESS,TIGRESS,1
JERVINE,CERVINE,1
JERVINE,NERVINE,1
CRUMBLE,GRUMBLE,1
CRUMBLE,CRUMPLE,1
ECDERON,ENDERON,1
ECDERON,ECTERON,1
CADENCE,CADENCY,1
HARPING,CARPING,1
CANTILE,CANTINE,1
BLASTER,PLASTER,1
BLASTER,BLISTER,1
PITCHER,DITCHER,1
PITCHER,PATCHER,1
PITCHER,POTCHER,1
PITCHER,PINCHER,1
REGALLY,LEGALLY,1
AURATED,AURITED,1
RETINAL,RETINOL,1
HUSSITE,MUSSITE,1
HUSSITE,HESSITE,1
TROCHAL,TROCHIL,1
TROCHAL,TROCHAR,1
DRAGNET,DRAWNET,1
TORPENT,TORRENT,1
GRANDAM,GRANNAM,1
ENDURER,ENSURER,1
ENTWINE,UNTWINE,1
TREADER,TRENDER,1
CAVALLY,CAVALRY,1
CONEINE,CODEINE,1
CONEINE,CONFINE,1
REERECT,REELECT,1
ELEIDIN,ELAIDIN,1
GARBLER,GAMBLER,1
WITLESS,WIGLESS,1
WITLESS,WITNESS,1
MINETTE,VINETTE,1
OCULIST,OVULIST,1
LEGGING,PEGGING,1
SHIPPEN,SHIPPON,1
SHIPPEN,SHIPPER,1
BOULTER,POULTER,1
INGENIE,INGENUE,1
CROCKER,CRACKER,1
DUNNISH,NUNNISH,1
DUNNISH,DUNFISH,1
LIVERED,RIVERED,1
LEMURID,LEMURIA,1
ADJURER,ABJURER,1
IMPERIL,EMPERIL,1
ECTASIS,ENTASIS,1
BABBLER,RABBLER,1
BABBLER,BUBBLER,1
EFFORCE,AFFORCE,1
KEDLOCK,WEDLOCK,1
FOOTMAN,MOOTMAN,1
MISWEAR,MISBEAR,1
MISWEAR,MISHEAR,1
FARCING,FORCING,1
FARCING,FARMING,1
BRANSLE,BRANGLE,1
IRONISH,IRONIST,1
BELCHER,WELCHER,1
BEATING,HEATING,1
BEATING,BELTING,1
BEATING,BEADING,1
BEATING,BEAMING,1
OUTRUSH,OUTGUSH,1
ICHTHUS,ICHTHYS,1
DEFILER,DEFINER,1
ENFILED,UNFILED,1
DEFAMER,DEFACER,1
GUARDED,GUARDER,1
RINKING,SINKING,1
TERNATE,VERNATE,1
BESAINT,BEPAINT,1
AUXETIC,AULETIC,1
DENSITY,TENSITY,1
INGRACE,INGRAVE,1
ENDERON,ENTERON,1
ELAIDIN,ELAIDIC,1
DRECCHE,DRENCHE,1
BEAUISH,BEARISH,1
CANTOON,CANTION,1
CARMINE,CARBINE,1
SECTIST,SECTISM,1
FICTILE,FICTIVE,1
MONKING,MOCKING,1
SLIDDEN,GLIDDEN,1
SHOUTER,SPOUTER,1
BRUSHER,BLUSHER,1
OUTPLAY,OUTPRAY,1
DEBATER,DEBASER,1
WRYTHEN,WRITHEN,1
ZEALFUL,HEALFUL,1
ZEALFUL,WEALFUL,1
DAREFUL,WAREFUL,1
DAREFUL,DIREFUL,1
DAREFUL,DUREFUL,1
PLANTAL,PLANTAR,1
ABILITY,ANILITY,1
ADMIRAL,AMMIRAL,1
PANACHE,PATACHE,1
EARABLE,ERRABLE,1
EARABLE,EATABLE,1
SPARING,SOARING,1
INEXACT,UNEXACT,1
TARRIER,BARRIER,1
TARRIER,CARRIER,1
TARRIER,FARRIER,1
TARRIER,HARRIER,1
TARRIER,TERRIER,1
TARRIER,TARSIER,1
ROSELLA,ROSEOLA,1
CARTIST,CARLIST,1
CARTIST,CARVIST,1
TETANIC,TETANIN,1
CRAPPLE,GRAPPLE,1
CRAPPLE,CRAPPIE,1
PLOTTER,PLATTER,1
FANLIKE,MANLIKE,1
DEVOTER,DEVOTOR,1
DESPEND,DISPEND,1
GRADATE,GRANATE,1
PIMENTA,PIMENTO,1
ENCOACH,INCOACH,1
ENCOACH,UNCOACH,1
WAIWODE,WAYWODE,1
VALVULE,VALVULA,1
DIAPASM,DIAPASE,1
CONDYLE,CONDOLE,1
TORRENT,HORRENT,1
BOBBISH,LOBBISH,1
STOPING,STOWING,1
GULLISH,BULLISH,1
GRANATE,URANATE,1
WOLFISH,WOLVISH,1
CLAMPER,CLAPPER,1
COMTISM,COMTIST,1
OVATION,ORATION,1
POROTIC,PAROTIC,1
POROTIC,PYROTIC,1
TWISTER,TWINTER,1
SUNLESS,SINLESS,1
SUNLESS,SONLESS,1
ACOLYTH,ACOLYTE,1
LEGATOR,LEVATOR,1
CERVINE,NERVINE,1
CORDATE,CORDAGE,1
SURLOIN,PURLOIN,1
SURLOIN,SIRLOIN,1
HOSTILE,HASTILE,1
ENTRUST,INTRUST,1
ENTRUST,ENCRUST,1
PYRETIC,PARETIC,1
PYRETIC,PYROTIC,1
CORNISH,HORNISH,1
CORNISH,CORNIST,1
HARDISH,BARDISH,1
BOMBAST,BUMBAST,1
CARVIST,CARLIST,1
COLUMBA,CALUMBA,1
COLUMBA,COLUMBO,1
BUTYRIC,BUTYRIN,1
JUNCITE,JUNCATE,1
RECOUNT,REMOUNT,1
TUATERA,TUATARA,1
WASHPOT,DASHPOT,1
RUBIFIC,RUBIDIC,1
ESERINE,ESURINE,1
NECKING,NICKING,1
SLOBBER,BLOBBER,1
SLOBBER,SWOBBER,1
SLOBBER,SLIBBER,1
SWINKER,STINKER,1
MONERAN,MONERAL,1
BRIDOON,BRADOON,1
HALLIER,HELLIER,1
REPLETE,DEPLETE,1
VECTION,LECTION,1
VECTION,RECTION,1
VECTION,SECTION,1
HUDDLER,FUDDLER,1
HUDDLER,MUDDLER,1
DESMOID,DERMOID,1
SHAMBLE,SCAMBLE,1
GOULAND,GOELAND,1
PERDURE,VERDURE,1
PERDURE,PERJURE,1
PADELLA,PATELLA,1
DISCASE,DISBASE,1
DISCASE,DISCAGE,1
FINABLE,MINABLE,1
FINABLE,FIXABLE,1
FISHING,DISHING,1
ENHANCE,INHANCE,1
PRAYING,BRAYING,1
PRAYING,PLAYING,1
TERGITE,TERMITE,1
HEEDFUL,DEEDFUL,1
HEEDFUL,MEEDFUL,1
PLASTER,PLATTER,1
NIGHTLY,TIGHTLY,1
BILLING,DILLING,1
BILLING,HILLING,1
REPAINT,BEPAINT,1
REPAINT,DEPAINT,1
FORSTER,FOISTER,1
MESSIAS,MESSIAD,1
MESSIAS,MESSIAH,1
VESTING,JESTING,1
VESTING,TESTING,1
VESTING,WESTING,1
MINIVET,MINIVER,1
ABYSSAL,ABYSMAL,1
HAGFISH,HAGGISH,1
ZITTERN,GITTERN,1
RIVERET,RIVERED,1
SINAPIS,SINAPIC,1
EMPLORE,IMPLORE,1
EMPLORE,EMPLOYE,1
SURMISE,SURVISE,1
GRIZZLY,DRIZZLY,1
NITRATE,TITRATE,1
NITRATE,NITRITE,1
PASSING,GASSING,1
MATTOIR,MATTOID,1
TURBINE,TURBITE,1
CORRADE,CORRODE,1
VERNATE,VERNAGE,1
WEFTAGE,WAFTAGE,1
IMMERSE,IMMENSE,1
STEPPER,STEEPER,1
STEPPER,STEPPED,1
BRICOLE,BRICKLE,1
CONVERT,CONVENT,1
HEDERAL,FEDERAL,1
CARTWAY,CARAWAY,1
TUFFOON,BUFFOON,1
MONKISH,MOCKISH,1
FRIPPER,GRIPPER,1
TATTING,HATTING,1
TATTING,MATTING,1
TATTING,TASTING,1
SPENDER,SPEEDER,1
SPENDER,SPENCER,1
REGIOUS,RAGIOUS,1
BANEFUL,BATEFUL,1
SKILLED,SKILLET,1
SLACKLY,BLACKLY,1
SLACKLY,SHACKLY,1
RAMEKIN,ROMEKIN,1
INJURER,INSURER,1
HEALFUL,WEALFUL,1
INFEOFF,ENFEOFF,1
BOUGHTY,DOUGHTY,1
NAIVETE,NAIVETY,1
STALLON,SHALLON,1
DIARIST,PIARIST,1
FIGHTER,TIGHTER,1
POTENCE,POTANCE,1
POTENCE,POTENCY,1
TREPANG,TRIPANG,1
DADDOCK,HADDOCK,1
DADDOCK,PADDOCK,1
DADDOCK,RADDOCK,1
BENDLET,BANDLET,1
HYACINE,HYALINE,1
COULURE,COUPURE,1
CUMQUAT,KUMQUAT,1
ANEMONE,ANEMONY,1
EXALTER,EXACTER,1
EXALTER,EXALTED,1
HEADING,BEADING,1
HEADING,LEADING,1
HEADING,HEATING,1
HEADING,HEAVING,1
PAROTID,PAROTIC,1
CUVETTE,CUNETTE,1
PAROTIC,CAROTIC,1
PAROTIC,PYROTIC,1
PAROTIC,PARETIC,1
BEADING,LEADING,1
BEADING,BENDING,1
BEADING,BEAMING,1
PROBATE,PRORATE,1
FORLEND,FORFEND,1
FORLEND,FORHEND,1
DELIGHT,DESIGHT,1
LIONCED,LEONCED,1
LIONCED,LIONCEL,1
SLACKEN,BLACKEN,1
VULTURE,CULTURE,1
VULTURE,MULTURE,1
BYRONIC,MYRONIC,1
GADDING,GADLING,1
RIFFLER,RAFFLER,1
UNCLING,UNSLING,1
STELLER,STALLER,1
STELLER,STELLED,1
FIDDLER,DIDDLER,1
FIDDLER,MIDDLER,1
FIDDLER,FUDDLER,1
THERMAL,THERMAE,1
DISSERT,DISSECT,1
DISSERT,DISSENT,1
DECRETE,SECRETE,1
STANIEL,SPANIEL,1
STANIEL,STANDEL,1
STANIEL,STANNEL,1
THALLIC,PHALLIC,1
SAGGING,BAGGING,1
SAGGING,FAGGING,1
FLITTER,GLITTER,1
FLITTER,SLITTER,1
FLITTER,FLATTER,1
SORDINE,SARDINE,1
OVERPLY,OVERPAY,1
THOMITE,THORITE,1
CRUSTED,CRESTED,1
CORDAGE,CORNAGE,1
CORDAGE,CORSAGE,1
TOUGHLY,ROUGHLY,1
DRESSER,PRESSER,1
FACTIVE,FICTIVE,1
PENFOLD,TENFOLD,1
PENFOLD,PINFOLD,1
GOATISH,GOARISH,1
DANGLER,MANGLER,1
TABLING,TAILING,1
TESTING,JESTING,1
TESTING,WESTING,1
TESTING,TASTING,1
DEPAINT,BEPAINT,1
FEMERAL,FEDERAL,1
CHILIAD,CHILIAN,1
SUTLING,CUTLING,1
TRIGGER,TWIGGER,1
HAPLESS,HATLESS,1
IDALIAN,ITALIAN,1
FINCHED,FITCHED,1
FINDING,MINDING,1
FINDING,WINDING,1
URINATE,URANATE,1
REPOSER,REPOSED,1
BIRDMAN,BORDMAN,1
EVITATE,EVIRATE,1
SOOTHER,SOUTHER,1
CARRIER,BARRIER,1
CARRIER,FARRIER,1
CARRIER,HARRIER,1
CARRIER,CURRIER,1
DOLLMAN,TOLLMAN,1
PADDOCK,HADDOCK,1
PADDOCK,RADDOCK,1
PADDOCK,PUDDOCK,1
PADDOCK,PADLOCK,1
TIPPING,NIPPING,1
TIPPING,TOPPING,1
ECDYSIS,ENDYSIS,1
SCAMBLE,SCUMBLE,1
SCAMBLE,SCABBLE,1
MASTING,TASTING,1
MASTING,WASTING,1
MASTING,MALTING,1
MASTING,MATTING,1
TAMABLE,TAXABLE,1
CROZIER,CROSIER,1
OUTRAGE,OUTRAYE,1
TACONIC,LACONIC,1
JARRING,EARRING,1
PRELATY,PRELATE,1
RENABLE,TENABLE,1
RENABLE,RETABLE,1
BARBARY,BARBARA,1
TOPICAL,TYPICAL,1
GUARISH,GOARISH,1
MARCIAN,MARTIAN,1
DAUNTER,SAUNTER,1
DAUNTER,TAUNTER,1
DAUNTER,VAUNTER,1
ENTOZOA,ENDOZOA,1
DOLTISH,COLTISH,1
CHESSIL,CHESSEL,1
ROTATOR,POTATOR,1
MAISTER,WAISTER,1
RADDOCK,HADDOCK,1
DUNNAGE,GUNNAGE,1
DUNNAGE,TUNNAGE,1
INCHEST,INCREST,1
BRASQUE,BRUSQUE,1
LATHING,LASHING,1
ROWABLE,BOWABLE,1
RECLINE,DECLINE,1
MANILLA,VANILLA,1
PODICAL,CODICAL,1
PODICAL,NODICAL,1
DIDDLER,MIDDLER,1
SCRIBER,SCRIMER,1
SHARPEN,SHARPER,1
HIGGLER,NIGGLER,1
WILDING,HILDING,1
WILDING,WINDING,1
THINNER,WHINNER,1
THINNER,THINKER,1
LAURATE,LAURITE,1
DECIARE,DECLARE,1
TRAMPLE,TRAMBLE,1
GAMBLER,GAMBEER,1
ONOLOGY,OTOLOGY,1
ONOLOGY,OVOLOGY,1
TRIATIC,TRIADIC,1
TEATISH,TETTISH,1
IMPREST,IMPRESA,1
IMPREST,IMPRESE,1
IMPREST,IMPRESS,1
SEMIPED,SEMINED,1
CHOLINE,CHOPINE,1
SCRINGE,SKRINGE,1
SCRINGE,SYRINGE,1
ADONIST,AGONIST,1
THRESTE,THRASTE,1
CONFUSE,CONFUTE,1
PECTOSE,PENTOSE,1
DILLING,HILLING,1
SOFTISH,SOOTISH,1
SOFTISH,SOTTISH,1
HASTIVE,HASTILE,1
GUNNAGE,TUNNAGE,1
MISLIVE,MISLIKE,1
SORITES,PORITES,1
CRESTED,CHESTED,1
GYRLAND,GARLAND,1
ABSCISS,ABSCESS,1
DIVISOR,DEVISOR,1
SCOTOMY,SCOTOMA,1
WREATHE,WREATHY,1
SINGLES,SINGLET,1
SINGLET,KINGLET,1
SINGLET,WINGLET,1
BROCAGE,BLOCAGE,1
BROCAGE,BROCADE,1
FAIENCE,FAYENCE,1
BLUCHER,BLUSHER,1
FITNESS,WITNESS,1
SEMATIC,SEMITIC,1
BACCATE,SACCATE,1
FORYETE,FORFETE,1
RESTANT,GESTANT,1
RESTANT,RESIANT,1
UNHOARD,UPHOARD,1
CONJURY,CONJURE,1
MATWEED,MAYWEED,1
SKADDLE,SWADDLE,1
CHARILY,CHARITY,1
PLUVIAN,PLUVIAL,1
ASSUAGE,ASSWAGE,1
PLACATE,PLAGATE,1
MANGLER,MINGLER,1
MAFFLER,RAFFLER,1
CRYSTAL,CRUSTAL,1
CRYSTAL,CRYPTAL,1
PECKISH,PUCKISH,1
TOTTERY,SOTTERY,1
TONNISH,TOWNISH,1
HOARDER,BOARDER,1
MISDATE,MISMATE,1
UPSWELL,UNSWELL,1
REVILER,REVELER,1
REVILER,REVISER,1
HATABLE,EATABLE,1
WASTING,TASTING,1
WASTING,WESTING,1
WASTING,WAITING,1
WASTING,WANTING,1
ENTRAIL,ENGRAIL,1
ENTRAIL,ENTRAIN,1
FOILING,FOPLING,1
JACKDAW,JACKSAW,1
CUMINIC,CUMINIL,1
ROCKING,COCKING,1
ROCKING,MOCKING,1
ROCKING,RACKING,1
SECTION,LECTION,1
SECTION,RECTION,1
NECTARY,SECTARY,1
PERJURE,PERJURY,1
HYALITE,HYALINE,1
PROMOVE,PROMOTE,1
OMENTUM,AMENTUM,1
READOPT,READEPT,1
OARLOCK,CARLOCK,1
OARLOCK,EARLOCK,1
OARLOCK,HARLOCK,1
RASHFUL,GASHFUL,1
WAITING,WANTING,1
CARBIDE,CARBINE,1
CRINKLY,CRINKLE,1
CRINKLE,CRINGLE,1
FIDALGO,HIDALGO,1
DENTOID,LENTOID,1
DENTOID,DELTOID,1
ANNUENT,INNUENT,1
GALSOME,GAYSOME,1
NULLITY,NULLIFY,1
SITTINE,SISTINE,1
SITTINE,SITTING,1
OVERSAY,OVERPAY,1
GLARING,GEARING,1
CARACAL,CARACUL,1
SITTING,FITTING,1
REFINER,DEFINER,1
REFINER,REFINED,1
FABELLA,FAVELLA,1
CYANINE,CYANITE,1
DIAPASE,DIABASE,1
ROMPISH,LOMPISH,1
WRESTLE,WRASTLE,1
STEEPLY,STEEPLE,1
LAPWORK,LACWORK,1
PENTILE,DENTILE,1
PENTILE,GENTILE,1
PENTILE,PONTILE,1
PENTILE,PENSILE,1
PENTILE,PENTICE,1
PENTILE,PENTINE,1
KALENDS,CALENDS,1
SCARIFY,SCORIFY,1
MASCLED,MUSCLED,1
BILLARD,BOLLARD,1
OVULARY,OCULARY,1
GUZZLER,PUZZLER,1
ROOMFUL,DOOMFUL,1
SEINING,SHINING,1
DURABLE,CURABLE,1
SCRATCH,SCRANCH,1
QUEERLY,QUEENLY,1
CURIOSO,FURIOSO,1
WITTILY,NITTILY,1
DENTILE,GENTILE,1
WAREFUL,WAKEFUL,1
WAREFUL,WARMFUL,1
NITRITE,NITRILE,1
TEAMING,BEAMING,1
TEAMING,TEEMING,1
PYRUVIC,PYRUVIL,1
RECLUDE,RECLUSE,1
CRICOID,CRINOID,1
CRUZADO,CRUSADO,1
TAGLOCK,DAGLOCK,1
UNREAVE,UNWEAVE,1
UNREAVE,UNREEVE,1
FUNICLE,TUNICLE,1
SMATTER,SHATTER,1
DILATED,DILUTED,1
DILATED,DILATER,1
MUSTARD,CUSTARD,1
DILATER,DILUTER,1
DILATER,DILATOR,1
EPIMERE,EPIMERA,1
GRAINED,BRAINED,1
GRAINED,GROINED,1
BRACKEN,BLACKEN,1
BRACKEN,BRACKET,1
AZOTIZE,AZOTITE,1
CARLOCK,EARLOCK,1
CARLOCK,HARLOCK,1
OCCLUDE,OCCLUSE,1
HULOIST,HYLOIST,1
POYNTEL,POINTEL,1
HAVENER,HAVENED,1
SHIPPER,SKIPPER,1
SHIPPER,SLIPPER,1
SHIPPER,SNIPPER,1
SHIPPER,SWIPPER,1
BANKING,BACKING,1
BANKING,BANGING,1
SONSHIP,DONSHIP,1
STEERER,SNEERER,1
STEERER,STEEPER,1
ENSURER,INSURER,1
SONLESS,SINLESS,1
ERECTOR,EJECTOR,1
STUTTER,SCUTTER,1
STUTTER,SPUTTER,1
HUNGRED,HUNDRED,1
TIGHTEN,TIGHTER,1
UNSWELL,UNSHELL,1
ENSNARL,ENSNARE,1
WINNING,WINCING,1
WINNING,WINDING,1
TROUNCE,TRAUNCE,1
MECONIN,MECONIC,1
MECONIC,MUCONIC,1
FATEFUL,BATEFUL,1
WEDDING,WEEDING,1
INSENSE,INCENSE,1
PERCHER,KERCHER,1
SILIQUA,SILIQUE,1
PAPOOSE,PAPPOSE,1
OPERATE,ONERATE,1
SHARPER,SHARKER,1
DETERGE,DEMERGE,1
FAYTOUR,FAITOUR,1
CERASIN,CEROSIN,1
ANGULAR,UNGULAR,1
DISPOSE,DISPONE,1
DISPOSE,DISPOPE,1
DISPOSE,DISPOST,1
GAMBOGE,CAMBOGE,1
DISPOST,DISCOST,1
LADEMAN,LACEMAN,1
TITHING,TYTHING,1
TRAITOR,TRACTOR,1
FAINTLY,SAINTLY,1
GRUBBER,DRUBBER,1
GRUBBER,GRABBER,1
AZYMOUS,AZYGOUS,1
GLUTEAL,PLUTEAL,1
HOSTAGE,COSTAGE,1
BENZOIC,BENZOIN,1
ACETONE,ACETOSE,1
FALDING,FOLDING,1
HILLOCK,SILLOCK,1
TRUNNEL,TRANNEL,1
TRUNNEL,TRENNEL,1
PENDING,BENDING,1
FISETIN,FISETIC,1
JIGGING,DIGGING,1
JIGGING,JOGGING,1
MISHEAR,MISBEAR,1
ROOFLET,ROOTLET,1
WRYBILL,WAYBILL,1
RADICEL,RADICAL,1
FLUENCE,FLUENCY,1
VIDETTE,VINETTE,1
SOARING,ROARING,1
SOARING,SOURING,1
COLOMBO,COLUMBO,1
BADDISH,MADDISH,1
BADDISH,BARDISH,1
BILLAGE,PILLAGE,1
BILLAGE,VILLAGE,1
MUCIFIC,MUNIFIC,1
ENGRAFT,ENGRAFF,1
REFRAME,REFLAME,1
JACKMAN,HACKMAN,1
JACKMAN,PACKMAN,1
TUSSOCK,TUSSUCK,1
TARTLET,MARTLET,1
TRENDER,PRENDER,1
GADLING,GALLING,1
BRICKLE,FRICKLE,1
BRICKLE,PRICKLE,1
VAULTER,VAUNTER,1
VAULTER,VAULTED,1
CHAMBER,CHAMFER,1
DEBASED,DEBASER,1
WADDLER,SADDLER,1
URODELE,URODELA,1
CRABBER,DRABBER,1
CRABBER,GRABBER,1
COMPETE,COMPUTE,1
FRIZZLE,DRIZZLE,1
FRIZZLE,WRIZZLE,1
ISCHIAC,ISCHIAL,1
SPORTER,SNORTER,1
SPORTER,SPOUTER,1
PELLAGE,PILLAGE,1
PELLAGE,POLLAGE,1
COMPTER,COMPEER,1
VILLOUS,VIOLOUS,1
BANGING,BAGGING,1
WHINGER,WHINNER,1
PEONISM,PEANISM,1
KNOBBED,KNOBBER,1
FORMING,FARMING,1
FORMING,FORCING,1
FORMING,FORGING,1
WRIZZLE,DRIZZLE,1
FLACKER,FLECKER,1
PENTONE,PENTINE,1
PENTONE,PENTOSE,1
TRIPPET,TRIPLET,1
CAMPHOL,CAMPHOR,1
CAPTION,CANTION,1
DEVISOR,DEVISER,1
SMELTER,SHELTER,1
SMELTER,SKELTER,1
SMELTER,SPELTER,1
CLINOID,CRINOID,1
TYROSIN,MYROSIN,1
OVERDYE,OVERDUE,1
OTOLOGY,OVOLOGY,1
PANTLER,PANTHER,1
FEUDARY,FEODARY,1
DEEDFUL,MEEDFUL,1
FRONDED,FRONTED,1
RAVELIN,JAVELIN,1
ENWOMAN,UNWOMAN,1
ACQUIRY,ACQUIRE,1
OUTSOAR,OUTROAR,1
FORMULE,FORMULA,1
STINTER,STINGER,1
STINTER,STINKER,1
SELFISM,SELFISH,1
SELFISM,SELFIST,1
MATTING,HATTING,1
MATTING,MALTING,1
SELFIST,SELFISH,1
GOURNET,GOURMET,1
CARRICK,CARRACK,1
COLLISH,COOLISH,1
COLLISH,COLTISH,1
FATTISH,FASTISH,1
GOGGLED,GOGGLER,1
FISTULA,FISTUCA,1
FISTULA,FISTULE,1
BARDISH,BARFISH,1
BARDISH,BARDISM,1
TERRIER,FERRIER,1
CYANITE,CYANATE,1
GRUMOUS,BRUMOUS,1
FACULAE,FACULAR,1
TALLAGE,HALLAGE,1
FINICAL,SINICAL,1
DELIBER,DELIVER,1
TIPSILY,TIPSIFY,1
INGRAVE,ENGRAVE,1
CABINET,RABINET,1
CABINET,TABINET,1
SALOGEN,HALOGEN,1
SHINNEY,SPINNEY,1
SHINNEY,SWINNEY,1
DISPEED,DISPEND,1
BAYONET,BARONET,1
ROYTISH,ROUTISH,1
TRENNEL,TRANNEL,1
BARFISH,OARFISH,1
RABINET,TABINET,1
STANNEL,STANDEL,1
LASHING,DASHING,1
TRICKER,PRICKER,1
TRICKER,TRACKER,1
BALDRIC,BALDRIB,1
DIPLOID,DIPLOIC,1
MATURER,MANURER,1
DUSTPAN,DUSTMAN,1
BOARDER,BOURDER,1
POTTAGE,COTTAGE,1
POTTAGE,PORTAGE,1
BRAYING,BRACING,1
CURTAIN,CURTAIL,1
BURDOCK,BURROCK,1
SLAVISH,SLAVISM,1
HABITUE,HABITUS,1
EUGENIN,EUGENIA,1
EUGENIN,EUGENIC,1
EUGENIA,EUGENIC,1
BULLISH,BULLIST,1
WAILFUL,PAILFUL,1
DISPOND,DISPEND,1
DISPOND,DISPONE,1
DISPONE,DISPOPE,1
PALATO-,PALAEO-,1
COTTAGE,COSTAGE,1
NODDING,CODDING,1
BALMIFY,BALMILY,1
FAGGING,BAGGING,1
LOVABLE,LOSABLE,1
OUTCANT,OUTCAST,1
TREACLE,TREADLE,1
CONSENT,CONCENT,1
CONSENT,CONVENT,1
OVULITE,OVULATE,1
POPPING,HOPPING,1
POPPING,TOPPING,1
POPPING,POOPING,1
BURGEON,SURGEON,1
SHAFFLE,SNAFFLE,1
DRIPPLE,GRIPPLE,1
BORABLE,BOWABLE,1
GUILDER,BUILDER,1
CHALAZA,CHALAZE,1
AGONIST,AGONISM,1
POITREL,PEITREL,1
CARBONE,CARBINE,1
CUMFREY,COMFREY,1
KAPELLE,CAPELLE,1
SNIPPET,SNIPPER,1
DRIBBLE,CRIBBLE,1
DRIBBLE,FRIBBLE,1
DRIBBLE,GRIBBLE,1
DRIBBLE,TRIBBLE,1
DRIBBLE,DRABBLE,1
ALCAZAR,ALKAZAR,1
BURSTEN,BURSTER,1
SWORDER,SWORDED,1
VALANCE,VALENCE,1
CONCEAL,CONCHAL,1
SEA MAW,SEA MAT,1
NEORAMA,GEORAMA,1
SNORTER,SNOTTER,1
CHYMIFY,CHYLIFY,1
LITERAL,LIBERAL,1
TROPISM,TROPIST,1
BLUSHET,BLUSHER,1
UNRIGHT,UNSIGHT,1
COLLING,CODLING,1
COLLING,COLLINE,1
ORATORY,ARATORY,1
PLATTEN,FLATTEN,1
PLATTEN,PLATTER,1
PLATTER,FLATTER,1
FARRIER,BARRIER,1
FARRIER,HARRIER,1
FARRIER,FERRIER,1
FARRIER,FURRIER,1
HEROESS,HERDESS,1
MANABLE,MINABLE,1
MANABLE,MANACLE,1
PACKWAX,PACKWAY,1
JUMPING,PUMPING,1
IGNOBLE,IGNOBLY,1
SLOGGER,SLUGGER,1
PESTFUL,JESTFUL,1
PESTFUL,NESTFUL,1
LETTISH,TETTISH,1
FIELDEN,FIELDED,1
FIELDEN,FIELDER,1
FIELDED,FIELDER,1
SPACIAL,SPATIAL,1
TRANECT,TRAJECT,1
MISTURN,DISTURN,1
PROVINE,PROPINE,1
BURROCK,PURROCK,1
OVERWAR,OVERWAX,1
HILDING,HILLING,1
OVERWAX,OVERTAX,1
SPANCEL,SPANIEL,1
SAUNTER,TAUNTER,1
SAUNTER,VAUNTER,1
TURBITH,TURBITE,1
DISROOT,DISROUT,1
DISROOT,DISROOF,1
COMPACT,COMPART,1
WATTLED,BATTLED,1
GRUBBLE,GRIBBLE,1
GRUBBLE,GRUMBLE,1
VERSIFY,VERBIFY,1
FORFEND,FORHEND,1
WAFERER,WAGERER,1
WAFERER,WATERER,1
BRISURE,FRISURE,1
CONVENT,CONCENT,1
SPARKER,SHARKER,1
SPARKER,SPANKER,1
GOBELIN,LOBELIN,1
CONTEST,CONGEST,1
CONTEST,CONTEXT,1
CRACKER,TRACKER,1
FUDDLER,MUDDLER,1
ENSTORE,INSTORE,1
PEONAGE,PENNAGE,1
GRAPPLE,GRIPPLE,1
CANTING,WANTING,1
CANTING,CANTINE,1
POACHER,POTCHER,1
FURRIER,CURRIER,1
FURRIER,FERRIER,1
FRIBBLE,CRIBBLE,1
FRIBBLE,GRIBBLE,1
FRIBBLE,TRIBBLE,1
SHINGLE,SWINGLE,1
SHINGLE,SHINDLE,1
SHINGLE,SHINGLY,1
CIRCLER,CIRCLED,1
RAGWORT,RAGWORK,1
CLIMBER,CLUMBER,1
PATCHER,CATCHER,1
PATCHER,POTCHER,1
UNWEAVE,INWEAVE,1
WELCHER,WELSHER,1
CHROMIC,CHROMID,1
SHINGLY,SUINGLY,1
DISBASE,DIABASE,1
WESTING,JESTING,1
INCENSE,ENCENSE,1
HAEMONY,HARMONY,1
TESTOON,FESTOON,1
VERNINE,VERDINE,1
UNSOUND,UNBOUND,1
MASSAGE,MESSAGE,1
WEEDING,WEEPING,1
SYRINGE,SKRINGE,1
STALLER,STALLED,1
SNIPPER,SKIPPER,1
SNIPPER,SLIPPER,1
SNIPPER,SWIPPER,1
SNIPPER,SNAPPER,1
VILLAIN,VILLEIN,1
PIANIST,PIARIST,1
NIGRINE,TIGRINE,1
SEA HOG,SEA DOG,1
CODICIL,CODICAL,1
SWIMMER,SHIMMER,1
HELICIN,HELICON,1
CONCEIT,CONCENT,1
DEPOSIT,REPOSIT,1
BLEMISH,FLEMISH,1
FIBROIN,FIBROID,1
CONSOLE,CONDOLE,1
CONSOLE,CONSOLS,1
REVELER,RAVELER,1
SEEMING,TEEMING,1
AGGRADE,AGGRATE,1
COMPEAR,COMPEER,1
SACCADE,SUCCADE,1
SACCADE,SACCATE,1
CALCINE,CALCITE,1
DEMERSE,DEMERGE,1
CAPITOL,CAPITAL,1
IMPLEAD,EMPLEAD,1
COUNTER,COURTER,1
SNAFFLE,SNIFFLE,1
SLITHER,SLITTER,1
ALLEGGE,ALLEDGE,1
HACKMAN,PACKMAN,1
MARLITE,MARTITE,1
SULLAGE,FULLAGE,1
SULLAGE,GULLAGE,1
CHIMERE,CHIMERA,1
SCOLLOP,SCALLOP,1
BRABBLE,DRABBLE,1
BRABBLE,BRAMBLE,1
MILIARY,BILIARY,1
ITACISM,ITACIST,1
RACKING,BACKING,1
RACKING,PACKING,1
CRIMPLE,CRUMPLE,1
VANTAGE,WANTAGE,1
VANTAGE,VENTAGE,1
HEAVING,WEAVING,1
HEAVING,HEATING,1
STAVING,STAGING,1
FRICKLE,PRICKLE,1
FRICKLE,FRECKLE,1
RECTION,LECTION,1
COMMENT,COMMEND,1
COMMEND,COMPEND,1
RUBICON,RUBICAN,1
SWIPPER,SKIPPER,1
SWIPPER,SLIPPER,1
SOOTISH,SOTTISH,1
LOCALLY,LOYALLY,1
IMPANEL,EMPANEL,1
EMBARGE,EMBARGO,1
MOLLUSC,MOLLUSK,1
CHINCHE,CHINCHA,1
PRICKLE,PRICKLY,1
CENSURE,TENSURE,1
PILLAGE,VILLAGE,1
PILLAGE,POLLAGE,1
OUTTALK,OUTWALK,1
KYNREDE,KINREDE,1
COMMUTE,COMPUTE,1
COMMUTE,COMMOTE,1
REPLAIT,REPLANT,1
INSTORE,INSHORE,1
LOMBARD,BOMBARD,1
KINGLET,WINGLET,1
DISFAME,DIFFAME,1
ALIFORM,PLIFORM,1
ALIFORM,ACIFORM,1
FERROUS,SERROUS,1
ECTERON,ENTERON,1
TYMPANY,TYMPANO,1
CLARITY,CHARITY,1
TYMPANO,TIMPANO,1
DISBAND,DISBEND,1
DISBAND,DISBIND,1
ENDOGEN,INDOGEN,1
WINCING,WINDING,1
CORSAGE,CORNAGE,1
SACCATE,SACRATE,1
ELEGIST,ELOGIST,1
SPANGLY,SPANGLE,1
SCUTTER,SPUTTER,1
HOPLITE,HOPEITE,1
TINGENT,RINGENT,1
TINGENT,TANGENT,1
SKIPPER,SLIPPER,1
ENTASIS,ENTASIA,1
WHITSON,WHITSUN,1
GANTLET,CANTLET,1
TRENDLE,TREADLE,1
MARTIAL,MARTIAN,1
SHACKLE,SHACKLY,1
HEPTANE,HEPTENE,1
HEPTANE,HEPTONE,1
HEPTANE,HEPTADE,1
SORBITE,SORBILE,1
BRAMBLY,BRAMBLE,1
CONFINE,CONFIDE,1
DAMPISH,DUMPISH,1
COMPOSE,COMPONE,1
PURROCK,PARROCK,1
CONGRUE,CONGREE,1
BASENET,BASINET,1
DELATOR,DILATOR,1
LUCARNE,LUCERNE,1
EARNING,EARRING,1
VULCANO,VOLCANO,1
SPILTER,SPELTER,1
WAGERER,WATERER,1
TREMBLE,TRAMBLE,1
GENERAL,TENERAL,1
PITUITE,LITUITE,1
BOOKLET,HOOKLET,1
CAMBRIA,CAMBRIC,1
CAMBRIC,CIMBRIC,1
PICTURA,PICTURE,1
SNECKET,SNACKET,1
GRAVERY,GRAPERY,1
MISTAKE,MISMAKE,1
BURNISH,FURNISH,1
UNCOACH,INCOACH,1
DISCIDE,DISCEDE,1
MUMBLER,FUMBLER,1
MUMBLER,HUMBLER,1
MUMBLER,JUMBLER,1
MUMBLER,RUMBLER,1
MUMBLER,TUMBLER,1
BOMBARD,BUMBARD,1
LACTATE,LACTAGE,1
ENFRAME,UNFRAME,1
PERGOLO,PERGOLA,1
SPINNER,SPINNEY,1
SPINNEY,SWINNEY,1
IMPRESE,IMPRESA,1
IMPRESE,IMPRESS,1
OUTWELL,OUTTELL,1
OUTWELL,OUTWALL,1
PACKING,BACKING,1
LUMPISH,DUMPISH,1
LUMPISH,LOMPISH,1
STRIVED,STRIVEN,1
MAGBOTE,MANBOTE,1
BELTING,PELTING,1
FULLAGE,GULLAGE,1
MISMATE,MISMAKE,1
CAPELLA,CAPELLE,1
CAROLIN,CAROTIN,1
UNBEING,INBEING,1
COMPARE,COMPART,1
TWAGGER,TWIGGER,1
ELATION,ALATION,1
LETHEON,LETHEAN,1
THICKEN,THICKET,1
TENABLE,TUNABLE,1
PROPINE,TROPINE,1
PROPINE,PROPONE,1
WEAVING,WEARING,1
PHACOID,PLACOID,1
IMBATHE,EMBATHE,1
NICKING,TICKING,1
DISBIND,DISCIND,1
DISBIND,DISBEND,1
SUNNITE,SONNITE,1
TIGELLA,TIGELLE,1
LABORER,LABORED,1
SEXTARY,SECTARY,1
DISCINA,DISCIND,1
APTOTIC,APHOTIC,1
FRISKER,FRISKET,1
FUSCINE,FASCINE,1
LEADING,LEAPING,1
LEADING,LEASING,1
OUTWALL,OUTWALK,1
HARRIER,BARRIER,1
DUNGEON,DUDGEON,1
FEATHER,LEATHER,1
WAFTAGE,WANTAGE,1
BOSKAGE,BOSCAGE,1
AGATINE,ANATINE,1
STEAMER,STEMMER,1
ASEXUAL,ESEXUAL,1
ADAPTER,ADOPTER,1
QUINONE,QUININE,1
FOLIATE,FILIATE,1
FOLIATE,FOLIAGE,1
TAMARIN,TAMARIC,1
CHEMISM,CHEMIST,1
PERISSE,PELISSE,1
ZINCITE,ZINCIDE,1
IMPAINT,IMPRINT,1
INVIGOR,ENVIGOR,1
PAINTED,PAINTER,1
SKELTER,SHELTER,1
SKELTER,SPELTER,1
KNOCKER,KNICKER,1
INWARDS,ONWARDS,1
BRITTLE,BRISTLE,1
BLABBER,BLOBBER,1
PAINTER,POINTER,1
RAMULUS,HAMULUS,1
TERMITE,TERMINE,1
STINGER,STINKER,1
TURKEYS,TURKEIS,1
STIPULA,STIPULE,1
PATRIOT,PATRIST,1
SURANCE,SORANCE,1
REMERGE,DEMERGE,1
OPALIZE,OPALINE,1
RADIATE,RADIALE,1
RADIATE,RADIATA,1
SEPTUOR,SESTUOR,1
TEMPLET,TEMPLED,1
SWADDLE,TWADDLE,1
SCALLED,STALLED,1
CLEAVER,CLEANER,1
CLEAVER,CLEARER,1
WEAZAND,WEASAND,1
BRANGLE,WRANGLE,1
KEELVAT,KEELFAT,1
STALLED,STELLED,1
STALLED,STALKED,1
BUCKLER,SUCKLER,1
SUBDIAL,SUBDUAL,1
CODICAL,NODICAL,1
LACTORY,LACTARY,1
CUTWORK,CUTWORM,1
TWIGGEN,TWIGGER,1
IMBROWN,EMBROWN,1
PRICKET,PRICKER,1
MASHLIN,MASTLIN,1
CODLING,CODDING,1
MULTURE,CULTURE,1
TWADDLE,TWIDDLE,1
PLAYING,PLANING,1
DISTURB,DISTURN,1
EMBRAWN,EMBROWN,1
POISURE,POTSURE,1
STANDER,STANDEL,1
PUTTING,BUTTING,1
PONTILE,PONTINE,1
SARDINE,PARDINE,1
LAMPREL,LAMPREY,1
SLEAVED,SHEAVED,1
TRIBBLE,CRIBBLE,1
TRIBBLE,GRIBBLE,1
POLARIC,POLARIS,1
BRISTLY,BRISKLY,1
BRISTLY,BRISTLE,1
UNSLING,UNSTING,1
DECREER,DECREET,1
NIOBATE,NIOBITE,1
GRIBBLE,CRIBBLE,1
SISTINE,SESTINE,1
GRINNER,GRINDER,1
SHATTER,CHATTER,1
DIVIDED,DIVIDER,1
DIOPTRY,DIOPTRE,1
FLOTTEN,FLATTEN,1
SNAPPER,SLAPPER,1
PINNULE,PINNULA,1
RABIDLY,RAPIDLY,1
BRAMBLE,TRAMBLE,1
ADOPTED,ADOPTER,1
BASINED,BASINET,1
HOVELER,HOVERER,1
PENTINE,PONTINE,1
PENTINE,PENTICE,1
NESTFUL,JESTFUL,1
KEEPING,WEEPING,1
BOGWOOD,BOXWOOD,1
CHYLOUS,CHYMOUS,1
SCRUNCH,SCRANCH,1
FOLDAGE,FOLIAGE,1
DILUTED,DILUTER,1
INSHELL,UNSHELL,1
REJOICE,REVOICE,1
THUNDER,BHUNDER,1
DIAMINE,DIAMIDE,1
MOCKING,COCKING,1
IMPRINT,EMPRINT,1
CASSADA,CASSAVA,1
OVERLAP,OVERLIP,1
BRAVADE,BRAVADO,1
MESSIAD,MESSIAH,1
IMBARGO,EMBARGO,1
UMPRESS,IMPRESS,1
GRADINE,GRADING,1
GRADINE,GRADINO,1
GRADING,GRADINO,1
ROMANCY,NOMANCY,1
VITRINA,VITRINE,1
SHINDLE,SPINDLE,1
CHILLED,CHILDED,1
MEASLES,MEASLED,1
GRINDED,BRINDED,1
GRINDED,GRINDER,1
ACLINIC,ACTINIC,1
CHESSEL,CHESSES,1
IDOLIST,IDOLISH,1
IDOLIST,IDOLISM,1
IDOLISM,IDOLISH,1
CAPRINE,CYPRINE,1
SLIPPER,SLAPPER,1
SUBERIC,SUBERIN,1
CONDUCE,CONDUCT,1
BARRACK,CARRACK,1
REVISER,DEVISER,1
WHISKEY,WHISKER,1
WHISKEY,WHISKET,1
WHISKER,WHISKET,1
WEARING,GEARING,1
PORTAGE,PORTACE,1
SEA RAT,SEA MAT,1
SLUDGER,SLUGGER,1
SUCRATE,SACRATE,1
TAUNTER,VAUNTER,1
OVERHIP,OVERLIP,1
CAROTIC,CEROTIC,1
CAROTIC,CAROTIN,1
OUTSPIN,OUTSPAN,1
CAROTIN,CEROTIN,1
KERNISH,VERNISH,1
PEROGUE,PIROGUE,1
LISTING,LIFTING,1
ARATORY,AMATORY,1
CLIMATE,ELIMATE,1
SHARKER,SHIRKER,1
UNPLUME,UNPLUMB,1
POULARD,FOULARD,1
WINDING,MINDING,1
FUMBLER,HUMBLER,1
FUMBLER,JUMBLER,1
FUMBLER,RUMBLER,1
FUMBLER,TUMBLER,1
NIPPING,NAPPING,1
MARKING,SARKING,1
HUMBLER,JUMBLER,1
HUMBLER,RUMBLER,1
HUMBLER,TUMBLER,1
MIDDING,MINDING,1
DISSENT,DISSECT,1
LEAPING,LEASING,1
OVERLIP,OVERLIE,1
COLONEL,COLONER,1
KITHARA,CITHARA,1
ELIXATE,ELIMATE,1
POINTEL,POINTER,1
FLAWTER,FLATTER,1
GRABBER,DRABBER,1
DISCAGE,DISGAGE,1
EPITHEM,EPITHET,1
CAPTURE,RAPTURE,1
CASSOCK,BASSOCK,1
SLEEPER,STEEPER,1
MANLIKE,MAPLIKE,1
OUTCAST,OUTLAST,1
MUDDLER,MIDDLER,1
FRECKLE,FRECKLY,1
PAPALTY,PAPALLY,1
LAPPING,NAPPING,1
FRETTEN,FRETTED,1
FRETTEN,FRETTER,1
CLAPPER,SLAPPER,1
SEAWARD,SEAWARE,1
CUTICLE,CUBICLE,1
INNERVE,INSERVE,1
FLATTEN,FLATTER,1
ATTIRER,ATTIRED,1
DISHING,DASHING,1
VENTAGE,TENTAGE,1
AVICULA,ACICULA,1
DEVISEE,DEVISER,1
DIREFUL,DUREFUL,1
NONACID,MONACID,1
TRITONE,TRIGONE,1
PLASMIC,PLASMIN,1
PONTINE,TONTINE,1
CREATIC,CREATIN,1
FORCING,FORGING,1
DRIZZLY,DRIZZLE,1
CRUSADE,CRUSADO,1
EXCLAVE,ENCLAVE,1
IMPRESS,IMPRESA,1
CANTLET,CASTLET,1
RETRACT,RETRAIT,1
CLEANER,CLEARER,1
COURAGE,COUHAGE,1
MISJOIN,DISJOIN,1
CEROTIC,CEROTIN,1
CEROTIN,CEROSIN,1
JUMBLER,RUMBLER,1
JUMBLER,TUMBLER,1
MIXTURE,FIXTURE,1
AMBREIN,AMBREIC,1
SOLVENT,SOLVEND,1
TRIPLET,TRIPLEX,1
BOWLING,BOWLINE,1
FRETTER,FRETTED,1
OVERSEE,OVERSEA,1
OVERSEE,OVERSET,1
OVERSEA,OVERSET,1
HOPPING,TOPPING,1
APPOSER,APPOSED,1
EARLOCK,HARLOCK,1
LOBULAR,LOCULAR,1
DICTION,DUCTION,1
OUTFOOL,OUTFOOT,1
REALIST,REALISM,1
GLITTER,SLITTER,1
RALLINE,RAMLINE,1
PLEASER,PLEASED,1
DISPEND,DISBEND,1
DRUBBER,DRABBER,1
RUMBLER,TUMBLER,1
STEEPEN,STEEPER,1
ANAGOGE,APAGOGE,1
ENCLAVE,ENSLAVE,1
SHELTER,SPELTER,1
STATISM,STATIST,1
UNNOBLY,UNNOBLE,1
HOBBISM,HOBBIST,1
GALLEOT,GALLEON,1
HEPTENE,HEPTONE,1
FRIEZED,FRIEZER,1
FLANNEN,FLANNEL,1
CASTLET,CASTLED,1
STYLISH,STYLIST,1
PROVENT,PROVEND,1
